	chrom	begin	end	count_rpt	length_rpt	count_SINE	length_SINE	count_DNA	length_DNA	count_TcM	length_TcM	count_LINE	length_LINE	count_LTR	length_LTR	count_nonLTR	length_nonLTR	count_simple	length_simple	block_len	per_length	per_nonLTR	per_LTRadd	per_DNAtransadd	per_SINEadd	per_LINEadd	dens_length	dens_nonLTR	dens_LTRadd	dens_DNAtransadd	dens_SINEadd	dens_LINEadd	count_gene	density_gene	length_gene	per_length_gene	count_gene_ex	density_gene_ex	length_gene_ex	per_length_gene_ex
0	LR999924.1	1.0	100000.0	181	78340	0.0	0.0	22.0	2312.0	22.0	2312.0	36.0	10175.0	0.0	0.0	72	61056	44	3570	99999.0	78.34078340783408	61.05661056610566	0.0	2.3120231202312023	2.3120231202312023	12.487124871248714	181.00181001810017	72.00072000720007	72.00072000720007	94.0009400094001	94.0009400094001	174.00174001740018	0	0	0.0	0.0	0	0	0.0	0.0
1	LR999924.1	100001.0	200000.0	129	30952	4.0	1040.0	17.0	3193.0	7.0	929.0	11.0	4408.0	3.0	567.0	19	14690	25	1617	99999.0	30.952309523095227	14.690146901469014	0.5670056700567006	3.7600376003760037	4.800048000480005	9.208092080920808	129.00129001290014	19.00019000190002	22.000220002200024	39.00039000390004	43.00043000430004	79.00079000790008	2	2	16712.0	16.712167121671218	0	0	0.0	0.0
2	LR999924.1	200001.0	300000.0	66	7205	8.0	1518.0	6.0	476.0	0.0	0.0	1.0	214.0	0.0	0.0	7	2184	27	1164	99999.0	7.205072050720506	2.184021840218402	0.0	0.47600476004760045	1.994019940199402	2.208022080220802	66.00066000660007	7.000070000700007	7.000070000700007	13.000130001300013	21.00021000210002	49.000490004900044	2	2	17503.0	17.503175031750317	0	0	0.0	0.0
3	LR999924.1	300001.0	400000.0	58	6967	7.0	1335.0	4.0	1692.0	0.0	0.0	2.0	130.0	3.0	241.0	8	1325	11	458	99999.0	6.9670696706967075	1.3250132501325014	0.24100241002410022	1.9330193301933019	3.268032680326803	3.3980339803398034	58.00058000580006	8.000080000800008	11.000110001100012	15.000150001500014	22.000220002200024	35.00035000350004	5	5	9990.0	9.99009990099901	0	0	0.0	0.0
4	LR999924.1	400001.0	500000.0	80	7049	8.0	1691.0	2.0	404.0	0.0	0.0	4.0	490.0	0.0	0.0	5	901	44	1732	99999.0	7.049070490704907	0.9010090100901008	0.0	0.4040040400404004	2.095020950209502	2.5850258502585026	80.00080000800008	5.000050000500005	5.000050000500005	7.000070000700007	15.000150001500014	63.000630006300064	4	4	31592.0	31.59231592315923	0	0	0.0	0.0
5	LR999924.1	500001.0	600000.0	83	9396	13.0	2367.0	2.0	105.0	0.0	0.0	4.0	532.0	0.0	0.0	13	3013	26	1152	99999.0	9.39609396093961	3.0130301303013027	0.0	0.10500105001050011	2.4720247202472025	3.0040300403004028	83.00083000830008	13.000130001300013	13.000130001300013	15.000150001500014	28.00028000280003	58.00058000580006	2	2	10042.0	10.04210042100421	0	0	0.0	0.0
6	LR999924.1	600001.0	700000.0	126	14377	15.0	2887.0	9.0	2023.0	0.0	0.0	11.0	1137.0	1.0	29.0	10	2711	36	1478	99999.0	14.377143771437714	2.7110271102711025	0.029000290002900032	2.052020520205202	4.939049390493905	6.076060760607606	126.00126001260013	10.00010000100001	11.000110001100012	20.00020000200002	35.00035000350004	82.00082000820008	0	0	0.0	0.0	0	0	0.0	0.0
7	LR999924.1	700001.0	800000.0	109	10701	16.0	2591.0	4.0	411.0	1.0	72.0	4.0	1192.0	1.0	65.0	8	1021	39	1606	99999.0	10.70110701107011	1.021010210102101	0.06500065000650007	0.47600476004760045	3.067030670306703	4.259042590425905	109.0010900109001	8.000080000800008	9.000090000900009	13.000130001300013	29.00029000290003	72.00072000720007	5	5	31075.0	31.075310753107534	0	0	0.0	0.0
8	LR999924.1	800001.0	900000.0	110	14101	24.0	4494.0	4.0	2599.0	0.0	0.0	6.0	804.0	1.0	76.0	10	1193	29	1244	99999.0	14.101141011410116	1.1930119301193012	0.07600076000760007	2.6750267502675027	7.169071690716907	7.973079730797308	110.0011000110001	10.00010000100001	11.000110001100012	15.000150001500014	39.00039000390004	74.00074000740007	2	2	8041.0	8.041080410804108	0	0	0.0	0.0
9	LR999924.1	900001.0	1000000.0	135	16195	22.0	3997.0	15.0	3043.0	3.0	2168.0	6.0	614.0	0.0	0.0	12	1384	27	1039	99999.0	16.195161951619514	1.3840138401384015	0.0	3.043030430304303	7.040070400704007	7.654076540765407	135.00135001350012	12.000120001200012	12.000120001200012	27.000270002700027	49.000490004900044	82.00082000820008	2	2	12792.0	12.792127921279212	0	0	0.0	0.0
10	LR999924.1	1000000.0	1100000.0	131	16196	22.0	4308.0	11.0	2458.0	2.0	1600.0	2.0	176.0	3.0	225.0	13	1799	32	1357	100000.0	16.195999999999998	1.799	0.22499999999999998	2.683	6.991	7.167	131.0	12.999999999999998	16.0	27.0	49.0	83.0	1	1	3369.0	3.3689999999999998	0	0	0.0	0.0
11	LR999924.1	1100000.0	1200000.0	99	9340	16.0	2874.0	5.0	251.0	0.0	0.0	8.0	1326.0	1.0	51.0	6	670	33	1391	100000.0	9.34	0.67	0.051000000000000004	0.302	3.1759999999999997	4.502	99.0	6.0	6.999999999999999	12.0	27.999999999999996	69.0	0	0	0.0	0.0	0	0	0.0	0.0
12	LR999924.1	1200000.0	1300000.0	101	10745	18.0	3498.0	4.0	499.0	0.0	0.0	7.0	958.0	1.0	113.0	8	1357	24	1115	100000.0	10.745000000000001	1.357	0.11299999999999999	0.612	4.109999999999999	5.0680000000000005	101.0	8.0	9.0	12.999999999999998	31.0	62.0	1	1	17895.0	17.895	0	0	0.0	0.0
13	LR999924.1	1300000.0	1400000.0	151	13280	23.0	4072.0	4.0	291.0	0.0	0.0	3.0	328.0	1.0	73.0	9	1104	51	2063	100000.0	13.28	1.1039999999999999	0.073	0.364	4.436	4.764	151.0	9.0	10.0	13.999999999999998	37.0	91.0	1	1	4710.0	4.71	0	0	0.0	0.0
14	LR999924.1	1400000.0	1500000.0	141	19848	28.0	6127.0	9.0	2184.0	0.0	0.0	8.0	2590.0	2.0	156.0	17	3544	30	1243	100000.0	19.848	3.544	0.156	2.34	8.466999999999999	11.057	141.0	17.0	19.0	27.999999999999996	55.99999999999999	94.0	1	1	8014.0	8.014000000000001	0	0	0.0	0.0
15	LR999924.1	1500000.0	1600000.0	178	22322	37.0	6774.0	9.0	1918.0	1.0	58.0	10.0	3095.0	2.0	167.0	21	3855	38	1539	100000.0	22.322	3.855	0.167	2.085	8.859	11.953999999999999	178.0	21.0	23.0	32.0	69.0	117.0	2	2	8514.0	8.514	0	0	0.0	0.0
16	LR999924.1	1600000.0	1700000.0	235	24357	49.0	7480.0	12.0	2012.0	0.0	0.0	12.0	1002.0	6.0	441.0	30	3250	38	1499	100000.0	24.357	3.25	0.441	2.453	9.933	10.935	235.0	29.999999999999996	36.0	48.0	97.0	147.0	1	1	20183.0	20.183	0	0	0.0	0.0
17	LR999924.1	1700000.0	1800000.0	192	25216	41.0	7587.0	8.0	899.0	0.0	0.0	7.0	1002.0	3.0	204.0	21	5568	32	1528	100000.0	25.216	5.568	0.20400000000000001	1.103	8.690000000000001	9.692	192.0	21.0	24.0	32.0	73.0	111.99999999999999	2	2	12659.0	12.659	0	0	0.0	0.0
18	LR999924.1	1800000.0	1900000.0	221	29981	53.0	9014.0	15.0	2934.0	2.0	1607.0	12.0	1996.0	5.0	3988.0	23	2636	31	1478	100000.0	29.981	2.636	3.988	6.922000000000001	15.936	17.932000000000002	221.00000000000003	23.0	27.999999999999996	43.0	96.0	139.0	0	0	0.0	0.0	0	0	0.0	0.0
19	LR999924.1	1900000.0	2000000.0	205	28638	46.0	7566.0	8.0	654.0	1.0	97.0	8.0	3464.0	3.0	696.0	28	6863	28	1226	100000.0	28.638	6.8629999999999995	0.696	1.35	8.916	12.379999999999999	205.00000000000003	27.999999999999996	31.0	39.0	85.0	120.99999999999999	1	1	2843.0	2.843	1	1	2843.0	2.843
20	LR999924.1	2000000.0	2100000.0	148	20221	26.0	3996.0	14.0	1420.0	0.0	0.0	1.0	234.0	1.0	70.0	15	6505	38	1472	100000.0	20.221	6.505	0.06999999999999999	1.49	5.486	5.72	148.0	14.999999999999998	16.0	29.999999999999996	55.99999999999999	95.0	3	3	46391.0	46.391	0	0	0.0	0.0
21	LR999924.1	2100000.0	2200000.0	137	16997	13.0	2428.0	3.0	211.0	0.0	0.0	9.0	3019.0	3.0	253.0	16	3846	28	1075	100000.0	16.997	3.846	0.253	0.464	2.8920000000000003	5.9110000000000005	137.0	16.0	19.0	22.0	35.0	72.0	0	0	0.0	0.0	0	0	0.0	0.0
22	LR999924.1	2200000.0	2300000.0	162	20451	34.0	5474.0	11.0	2817.0	1.0	470.0	4.0	1664.0	2.0	168.0	19	2291	27	1173	100000.0	20.451	2.291	0.168	2.9850000000000003	8.459	10.123	162.0	19.0	21.0	32.0	66.0	97.0	3	3	26644.0	26.644000000000002	0	0	0.0	0.0
23	LR999924.1	2300000.0	2400000.0	148	15634	24.0	3855.0	11.0	1082.0	1.0	55.0	3.0	294.0	1.0	67.0	21	4092	37	1388	100000.0	15.634	4.092	0.067	1.149	5.0040000000000004	5.298	148.0	21.0	22.0	33.0	57.0	97.0	4	4	27331.0	27.331	0	0	0.0	0.0
24	LR999924.1	2400000.0	2500000.0	176	20284	32.0	5421.0	11.0	1460.0	0.0	0.0	11.0	1372.0	1.0	32.0	14	3048	25	1052	100000.0	20.284	3.048	0.032	1.492	6.912999999999999	8.285	176.0	13.999999999999998	14.999999999999998	25.999999999999996	58.0	94.0	0	0	0.0	0.0	0	0	0.0	0.0
25	LR999924.1	2500000.0	2600000.0	131	13982	22.0	3753.0	8.0	450.0	0.0	0.0	4.0	349.0	1.0	134.0	18	2990	30	1279	100000.0	13.982	2.9899999999999998	0.134	0.584	4.337	4.686	131.0	18.0	19.0	27.0	49.0	83.0	7	7	23013.0	23.013	0	0	0.0	0.0
26	LR999924.1	2600000.0	2700000.0	146	16023	24.0	4580.0	7.0	548.0	1.0	87.0	10.0	1630.0	1.0	14.0	18	2514	30	1191	100000.0	16.023	2.514	0.013999999999999999	0.562	5.142	6.772	146.0	18.0	19.0	25.999999999999996	50.0	90.0	2	2	8645.0	8.645	0	0	0.0	0.0
27	LR999924.1	2700000.0	2800000.0	184	22757	31.0	5678.0	7.0	1048.0	0.0	0.0	13.0	5549.0	3.0	232.0	18	2058	38	1498	100000.0	22.756999999999998	2.0580000000000003	0.232	1.28	6.958	12.506999999999998	184.0	18.0	21.0	27.999999999999996	59.0	110.0	2	2	11919.0	11.919	0	0	0.0	0.0
28	LR999924.1	2800000.0	2900000.0	169	23130	31.0	5227.0	10.0	780.0	0.0	0.0	13.0	2844.0	4.0	4786.0	15	2128	35	1285	100000.0	23.13	2.128	4.786	5.566	10.793	13.636999999999999	169.0	14.999999999999998	19.0	29.0	59.99999999999999	108.0	1	1	104.0	0.104	0	0	0.0	0.0
29	LR999924.1	2900000.0	3000000.0	154	21973	21.0	3950.0	5.0	401.0	0.0	0.0	13.0	4119.0	5.0	3783.0	19	3079	33	1417	100000.0	21.973000000000003	3.079	3.7830000000000004	4.184	8.134	12.253	154.0	19.0	24.0	29.0	50.0	96.0	0	0	0.0	0.0	0	0	0.0	0.0
30	LR999924.1	3000000.0	3100000.0	152	22520	37.0	5563.0	5.0	3729.0	0.0	0.0	7.0	949.0	0.0	0.0	9	4922	30	1361	100000.0	22.52	4.922	0.0	3.7289999999999996	9.292	10.241	152.0	9.0	9.0	13.999999999999998	51.00000000000001	88.0	0	0	0.0	0.0	0	0	0.0	0.0
31	LR999924.1	3100000.0	3200000.0	161	23427	26.0	5092.0	13.0	2674.0	1.0	152.0	9.0	4389.0	2.0	151.0	14	1643	29	1181	100000.0	23.427	1.643	0.151	2.825	7.917000000000001	12.306000000000001	161.0	13.999999999999998	16.0	29.0	55.0	93.0	1	1	203.0	0.203	0	0	0.0	0.0
32	LR999924.1	3200000.0	3300000.0	171	17833	40.0	7204.0	14.0	1487.0	1.0	72.0	13.0	1850.0	2.0	141.0	9	1054	37	1552	100000.0	17.833	1.054	0.14100000000000001	1.628	8.831999999999999	10.682	171.0	9.0	11.0	25.0	65.0	115.0	2	2	14879.0	14.879000000000001	0	0	0.0	0.0
33	LR999924.1	3300000.0	3400000.0	150	19642	21.0	3882.0	9.0	1884.0	1.0	161.0	10.0	3483.0	0.0	0.0	12	2118	29	1286	100000.0	19.642	2.118	0.0	1.884	5.766	9.249	150.0	12.0	12.0	21.0	42.0	81.0	4	4	30817.0	30.817	0	0	0.0	0.0
34	LR999924.1	3400000.0	3500000.0	184	28289	32.0	5627.0	14.0	2127.0	0.0	0.0	15.0	6533.0	3.0	207.0	16	4511	32	1388	100000.0	28.288999999999998	4.511	0.207	2.334	7.961	14.494000000000002	184.0	16.0	19.0	33.0	65.0	111.99999999999999	0	0	0.0	0.0	0	0	0.0	0.0
35	LR999924.1	3500000.0	3600000.0	169	20565	26.0	5023.0	19.0	3164.0	0.0	0.0	7.0	772.0	1.0	40.0	18	2749	29	1201	100000.0	20.565	2.749	0.04	3.2039999999999997	8.227	8.999	169.0	18.0	19.0	38.0	64.0	100.0	1	1	5582.0	5.582	0	0	0.0	0.0
36	LR999924.1	3600000.0	3700000.0	146	15760	28.0	5171.0	16.0	1910.0	3.0	569.0	7.0	723.0	3.0	291.0	13	1788	30	1109	100000.0	15.76	1.788	0.291	2.2009999999999996	7.371999999999999	8.094999999999999	146.0	12.999999999999998	16.0	32.0	59.99999999999999	97.0	7	7	37313.0	37.313	0	0	0.0	0.0
37	LR999924.1	3700000.0	3800000.0	149	23372	21.0	4229.0	6.0	864.0	0.0	0.0	14.0	6352.0	1.0	47.0	19	6383	47	1858	100000.0	23.372	6.383	0.047	0.911	5.140000000000001	11.491999999999999	149.0	19.0	20.0	25.999999999999996	47.0	108.0	0	0	0.0	0.0	0	0	0.0	0.0
38	LR999924.1	3800000.0	3900000.0	165	21813	32.0	5927.0	14.0	2723.0	0.0	0.0	4.0	1221.0	1.0	116.0	13	2034	34	1657	100000.0	21.813	2.0340000000000003	0.116	2.839	8.766	9.987	165.0	12.999999999999998	13.999999999999998	27.999999999999996	59.99999999999999	98.0	0	0	0.0	0.0	0	0	0.0	0.0
39	LR999924.1	3900000.0	4000000.0	158	20280	29.0	5073.0	15.0	2532.0	0.0	0.0	8.0	1749.0	0.0	0.0	16	3589	26	1023	100000.0	20.28	3.589	0.0	2.532	7.605	9.354	158.0	16.0	16.0	31.0	59.99999999999999	94.0	3	3	21032.0	21.032	0	0	0.0	0.0
40	LR999924.1	4000000.0	4100000.0	149	20850	24.0	4866.0	11.0	3344.0	2.0	1139.0	3.0	304.0	0.0	0.0	10	4133	40	1838	100000.0	20.849999999999998	4.133	0.0	3.344	8.21	8.514	149.0	10.0	10.0	21.0	45.0	88.0	6	6	30581.0	30.581000000000003	0	0	0.0	0.0
41	LR999924.1	4100000.0	4200000.0	135	14449	26.0	4299.0	9.0	914.0	0.0	0.0	7.0	808.0	0.0	0.0	11	1417	36	1534	100000.0	14.449000000000002	1.417	0.0	0.914	5.213	6.021	135.0	11.0	11.0	20.0	46.0	89.0	4	4	14380.0	14.38	0	0	0.0	0.0
42	LR999924.1	4200000.0	4300000.0	169	22846	26.0	4745.0	13.0	7021.0	0.0	0.0	7.0	1000.0	2.0	159.0	3	319	33	1403	100000.0	22.846	0.319	0.159	7.180000000000001	11.924999999999999	12.925	169.0	3.0	5.0	18.0	44.0	84.0	3	3	15343.0	15.343000000000002	0	0	0.0	0.0
43	LR999924.1	4300000.0	4400000.0	201	23798	33.0	6089.0	14.0	2829.0	0.0	0.0	12.0	1474.0	1.0	88.0	14	2003	39	1461	100000.0	23.798	2.003	0.08800000000000001	2.9170000000000003	9.006	10.48	201.0	13.999999999999998	14.999999999999998	29.0	62.0	112.99999999999999	2	2	5533.0	5.5329999999999995	1	1	4667.0	4.667000000000001
44	LR999924.1	4400000.0	4500000.0	138	13659	22.0	3388.0	4.0	211.0	1.0	56.0	3.0	383.0	9.0	979.0	19	1996	28	1163	100000.0	13.658999999999999	1.9959999999999998	0.979	1.1900000000000002	4.578	4.961	138.0	19.0	27.999999999999996	32.0	54.0	85.0	1	1	8231.0	8.231	0	0	0.0	0.0
45	LR999924.1	4500000.0	4600000.0	115	11620	21.0	4229.0	11.0	1347.0	2.0	404.0	1.0	168.0	0.0	0.0	11	1519	28	1111	100000.0	11.62	1.5190000000000001	0.0	1.347	5.576	5.744	115.0	11.0	11.0	22.0	43.0	72.0	4	4	11665.0	11.665000000000001	0	0	0.0	0.0
46	LR999924.1	4600000.0	4700000.0	102	15108	19.0	4139.0	9.0	3233.0	2.0	359.0	4.0	954.0	3.0	344.0	11	2287	25	1113	100000.0	15.107999999999999	2.287	0.344	3.5770000000000004	7.716000000000001	8.67	102.00000000000001	11.0	13.999999999999998	23.0	42.0	71.0	2	2	24545.0	24.545	0	0	0.0	0.0
47	LR999924.1	4700000.0	4800000.0	155	17404	20.0	4171.0	8.0	358.0	0.0	0.0	11.0	2620.0	1.0	68.0	9	1427	35	1457	100000.0	17.404	1.427	0.068	0.426	4.5969999999999995	7.217	155.0	9.0	10.0	18.0	38.0	84.0	4	4	19896.0	19.896	0	0	0.0	0.0
48	LR999924.1	4800000.0	4900000.0	161	22414	24.0	5053.0	14.0	1867.0	1.0	96.0	20.0	4024.0	3.0	185.0	11	4430	34	1356	100000.0	22.414	4.43	0.185	2.052	7.105	11.129	161.0	11.0	13.999999999999998	27.999999999999996	51.99999999999999	106.0	2	2	7286.0	7.286	0	0	0.0	0.0
49	LR999924.1	4900000.0	5000000.0	165	18205	33.0	6260.0	8.0	541.0	1.0	48.0	7.0	1215.0	0.0	0.0	14	2231	29	1146	100000.0	18.205	2.231	0.0	0.541	6.801	8.016	165.0	13.999999999999998	13.999999999999998	22.0	55.0	91.0	0	0	0.0	0.0	0	0	0.0	0.0
50	LR999924.1	5000000.0	5100000.0	167	19354	31.0	4616.0	20.0	1935.0	0.0	0.0	5.0	808.0	4.0	2715.0	7	1063	38	1604	100000.0	19.354	1.0630000000000002	2.715	4.65	9.266	10.074	167.0	6.999999999999999	11.0	31.0	62.0	105.0	1	1	1577.0	1.577	0	0	0.0	0.0
51	LR999924.1	5100000.0	5200000.0	121	18198	15.0	3332.0	16.0	4500.0	0.0	0.0	1.0	287.0	2.0	165.0	14	3420	28	1438	100000.0	18.198	3.42	0.165	4.665	7.997	8.283999999999999	120.99999999999999	13.999999999999998	16.0	32.0	47.0	76.0	4	4	17603.0	17.602999999999998	0	0	0.0	0.0
52	LR999924.1	5200000.0	5300000.0	106	17275	12.0	2806.0	9.0	1884.0	2.0	264.0	4.0	3635.0	2.0	118.0	5	3630	38	1462	100000.0	17.275	3.63	0.11800000000000001	2.002	4.808	8.443000000000001	106.0	5.0	6.999999999999999	16.0	27.999999999999996	70.0	5	5	8158.0	8.158	0	0	0.0	0.0
53	LR999924.1	5300000.0	5400000.0	134	13959	32.0	6599.0	4.0	270.0	0.0	0.0	3.0	341.0	0.0	0.0	11	1272	51	2190	100000.0	13.959	1.272	0.0	0.27	6.869	7.21	134.0	11.0	11.0	14.999999999999998	47.0	101.0	1	1	614.0	0.614	0	0	0.0	0.0
54	LR999924.1	5400000.0	5500000.0	128	13387	27.0	5241.0	8.0	794.0	0.0	0.0	9.0	990.0	0.0	0.0	7	1185	30	1155	100000.0	13.386999999999999	1.185	0.0	0.7939999999999999	6.035	7.025	128.0	6.999999999999999	6.999999999999999	14.999999999999998	42.0	81.0	1	1	15144.0	15.143999999999998	0	0	0.0	0.0
55	LR999924.1	5500000.0	5600000.0	137	18395	11.0	2700.0	11.0	821.0	1.0	103.0	7.0	2400.0	2.0	197.0	18	5535	38	1536	100000.0	18.395	5.535	0.197	1.018	3.718	6.117999999999999	137.0	18.0	20.0	31.0	42.0	87.0	5	5	26306.0	26.306	0	0	0.0	0.0
56	LR999924.1	5600000.0	5700000.0	129	16337	21.0	3254.0	4.0	937.0	0.0	0.0	13.0	3256.0	1.0	85.0	10	3235	36	1503	100000.0	16.337	3.235	0.08499999999999999	1.022	4.276	7.532	129.0	10.0	11.0	14.999999999999998	36.0	85.0	1	1	1723.0	1.7229999999999999	0	0	0.0	0.0
57	LR999924.1	5700000.0	5800000.0	111	9804	19.0	4063.0	5.0	436.0	1.0	96.0	3.0	409.0	3.0	117.0	7	869	36	1321	100000.0	9.804	0.869	0.117	0.553	4.616	5.025	111.00000000000001	6.999999999999999	10.0	14.999999999999998	34.0	73.0	1	1	878.0	0.878	0	0	0.0	0.0
58	LR999924.1	5800000.0	5900000.0	148	18784	19.0	3123.0	16.0	4754.0	1.0	509.0	9.0	996.0	2.0	147.0	14	3247	46	1999	100000.0	18.784	3.247	0.147	4.901	8.024000000000001	9.02	148.0	13.999999999999998	16.0	32.0	51.00000000000001	106.0	3	3	12974.0	12.974	0	0	0.0	0.0
59	LR999924.1	5900000.0	6000000.0	94	15691	15.0	3387.0	3.0	408.0	0.0	0.0	3.0	1189.0	10.0	4618.0	7	1763	22	914	100000.0	15.690999999999999	1.763	4.618	5.026	8.413	9.602	94.0	6.999999999999999	17.0	20.0	35.0	59.99999999999999	2	2	3726.0	3.726	0	0	0.0	0.0
60	LR999924.1	6000000.0	6100000.0	116	11447	14.0	2186.0	16.0	2650.0	1.0	125.0	5.0	567.0	0.0	0.0	12	1787	32	1411	100000.0	11.447000000000001	1.7870000000000001	0.0	2.65	4.836	5.4030000000000005	116.0	12.0	12.0	27.999999999999996	42.0	79.0	9	9	40555.0	40.555	0	0	0.0	0.0
61	LR999924.1	6100000.0	6200000.0	78	11452	10.0	2691.0	6.0	2757.0	0.0	0.0	5.0	688.0	4.0	2191.0	4	594	30	1368	100000.0	11.452	0.594	2.191	4.948	7.639	8.327	78.0	4.0	8.0	13.999999999999998	24.0	59.0	5	5	10552.0	10.552	0	0	0.0	0.0
62	LR999924.1	6200000.0	6300000.0	110	11278	13.0	2757.0	15.0	1582.0	1.0	94.0	1.0	69.0	1.0	99.0	10	2099	36	1501	100000.0	11.278	2.099	0.099	1.6809999999999998	4.438000000000001	4.507	110.0	10.0	11.0	25.999999999999996	39.0	76.0	2	2	7537.0	7.537000000000001	0	0	0.0	0.0
63	LR999924.1	6300000.0	6400000.0	134	14876	23.0	4775.0	15.0	2156.0	0.0	0.0	9.0	1402.0	2.0	100.0	3	407	44	1883	100000.0	14.876000000000001	0.407	0.1	2.2560000000000002	7.031	8.433	134.0	3.0	5.0	20.0	43.0	96.0	3	3	9695.0	9.695	0	0	0.0	0.0
64	LR999924.1	6400000.0	6500000.0	131	17267	24.0	4720.0	13.0	2075.0	1.0	403.0	6.0	586.0	1.0	73.0	10	2315	27	1105	100000.0	17.267	2.315	0.073	2.1479999999999997	6.868	7.454	131.0	10.0	11.0	24.0	48.0	81.0	2	2	9517.0	9.517000000000001	0	0	0.0	0.0
65	LR999924.1	6500000.0	6600000.0	144	26365	16.0	3149.0	28.0	9544.0	0.0	0.0	9.0	2640.0	4.0	414.0	16	5193	36	1377	100000.0	26.365	5.193	0.414	9.958	13.107	15.747	144.0	16.0	20.0	48.0	64.0	109.0	2	2	6340.0	6.34	0	0	0.0	0.0
66	LR999924.1	6600000.0	6700000.0	157	19394	14.0	2446.0	19.0	3741.0	2.0	306.0	6.0	1605.0	3.0	1128.0	12	1924	35	1592	100000.0	19.394	1.924	1.1280000000000001	4.869	7.315	8.92	157.0	12.0	14.999999999999998	34.0	48.0	89.0	6	6	21759.0	21.759	0	0	0.0	0.0
67	LR999924.1	6700000.0	6800000.0	121	11753	13.0	2267.0	7.0	1653.0	0.0	0.0	4.0	559.0	2.0	76.0	2	286	38	1658	100000.0	11.753	0.28600000000000003	0.076	1.729	3.9960000000000004	4.555	120.99999999999999	2.0	4.0	11.0	24.0	66.0	5	5	13262.0	13.261999999999999	0	0	0.0	0.0
68	LR999924.1	6800000.0	6900000.0	115	11568	17.0	3106.0	9.0	786.0	1.0	48.0	2.0	216.0	0.0	0.0	4	595	28	1091	100000.0	11.568000000000001	0.5950000000000001	0.0	0.786	3.8920000000000003	4.108	115.0	4.0	4.0	12.999999999999998	29.999999999999996	59.99999999999999	0	0	0.0	0.0	0	0	0.0	0.0
69	LR999924.1	6900000.0	7000000.0	102	13086	17.0	3446.0	10.0	2335.0	4.0	619.0	3.0	193.0	0.0	0.0	6	2751	35	1373	100000.0	13.086	2.751	0.0	2.335	5.781	5.974	102.00000000000001	6.0	6.0	16.0	33.0	71.0	4	4	23872.0	23.872	0	0	0.0	0.0
70	LR999924.1	7000000.0	7100000.0	157	18025	30.0	6263.0	16.0	1799.0	0.0	0.0	4.0	321.0	0.0	0.0	14	1523	22	903	100000.0	18.025	1.5230000000000001	0.0	1.799	8.062	8.383000000000001	157.0	13.999999999999998	13.999999999999998	29.999999999999996	59.99999999999999	86.0	9	9	33743.0	33.743	0	0	0.0	0.0
71	LR999924.1	7100000.0	7200000.0	104	11624	6.0	1017.0	4.0	229.0	1.0	59.0	8.0	1022.0	2.0	144.0	6	2411	36	1625	100000.0	11.623999999999999	2.411	0.14400000000000002	0.373	1.39	2.412	103.99999999999999	6.0	8.0	12.0	18.0	62.0	4	4	18813.0	18.813	0	0	0.0	0.0
72	LR999924.1	7200000.0	7300000.0	142	14377	19.0	3459.0	14.0	1515.0	2.0	346.0	3.0	640.0	1.0	44.0	15	1582	37	1539	100000.0	14.377	1.582	0.044000000000000004	1.559	5.018000000000001	5.6579999999999995	142.0	14.999999999999998	16.0	29.999999999999996	49.0	89.0	3	3	8009.0	8.009	2	2	7199.0	7.199
73	LR999924.1	7300000.0	7400000.0	113	11293	18.0	3180.0	7.0	1624.0	0.0	0.0	8.0	961.0	2.0	131.0	8	533	34	1447	100000.0	11.293000000000001	0.5329999999999999	0.131	1.755	4.935	5.896	112.99999999999999	8.0	10.0	17.0	35.0	77.0	6	6	23272.0	23.272000000000002	0	0	0.0	0.0
74	LR999924.1	7400000.0	7500000.0	123	20431	28.0	5760.0	8.0	1433.0	0.0	0.0	6.0	834.0	4.0	3048.0	15	4729	26	997	100000.0	20.430999999999997	4.729	3.048	4.481	10.241	11.075	123.0	14.999999999999998	19.0	27.0	55.0	87.0	1	1	4057.0	4.057	0	0	0.0	0.0
75	LR999924.1	7500000.0	7600000.0	132	20448	19.0	3795.0	15.0	2249.0	2.0	150.0	15.0	4971.0	0.0	0.0	6	2967	24	989	100000.0	20.448	2.9669999999999996	0.0	2.249	6.0440000000000005	11.015	132.0	6.0	6.0	21.0	40.0	79.0	0	0	0.0	0.0	0	0	0.0	0.0
76	LR999924.1	7600000.0	7700000.0	141	15628	18.0	3479.0	7.0	885.0	0.0	0.0	7.0	1292.0	0.0	0.0	12	1965	33	1345	100000.0	15.628	1.965	0.0	0.885	4.364	5.656	141.0	12.0	12.0	19.0	37.0	77.0	2	2	6855.0	6.855	0	0	0.0	0.0
77	LR999924.1	7700000.0	7800000.0	137	13987	21.0	3705.0	13.0	1683.0	1.0	42.0	9.0	862.0	1.0	107.0	11	2549	39	1583	100000.0	13.987	2.549	0.107	1.79	5.495	6.357	137.0	11.0	12.0	25.0	46.0	94.0	0	0	0.0	0.0	0	0	0.0	0.0
78	LR999924.1	7800000.0	7900000.0	148	15034	17.0	2817.0	12.0	1134.0	0.0	0.0	4.0	1670.0	0.0	0.0	7	1081	49	1838	100000.0	15.034	1.081	0.0	1.134	3.9510000000000005	5.621	148.0	6.999999999999999	6.999999999999999	19.0	36.0	89.0	5	5	19454.0	19.454	0	0	0.0	0.0
79	LR999924.1	7900000.0	8000000.0	106	15911	13.0	2159.0	5.0	436.0	0.0	0.0	5.0	544.0	0.0	0.0	15	5657	26	1122	100000.0	15.911	5.657	0.0	0.436	2.595	3.1390000000000002	106.0	14.999999999999998	14.999999999999998	20.0	33.0	64.0	2	2	11364.0	11.364	0	0	0.0	0.0
80	LR999924.1	8000000.0	8100000.0	97	9836	20.0	4057.0	4.0	518.0	0.0	0.0	6.0	753.0	0.0	0.0	7	628	38	1511	100000.0	9.836	0.628	0.0	0.518	4.575	5.328	97.0	6.999999999999999	6.999999999999999	11.0	31.0	75.0	2	2	6034.0	6.034	1	1	1047.0	1.047
81	LR999924.1	8100000.0	8200000.0	88	7887	11.0	1358.0	2.0	251.0	0.0	0.0	1.0	56.0	1.0	75.0	8	946	31	1277	100000.0	7.887	0.946	0.075	0.326	1.6840000000000002	1.7399999999999998	88.0	8.0	9.0	11.0	22.0	54.0	1	1	836.0	0.836	0	0	0.0	0.0
82	LR999924.1	8200000.0	8300000.0	109	14809	12.0	2645.0	9.0	643.0	0.0	0.0	11.0	2454.0	1.0	76.0	8	3564	30	1297	100000.0	14.809	3.5639999999999996	0.076	0.719	3.3640000000000003	5.8180000000000005	109.0	8.0	9.0	18.0	29.999999999999996	71.0	10	10	21924.0	21.924	0	0	0.0	0.0
83	LR999924.1	8300000.0	8400000.0	102	11252	13.0	2150.0	11.0	1104.0	0.0	0.0	1.0	172.0	1.0	92.0	7	1742	29	1305	100000.0	11.251999999999999	1.7420000000000002	0.092	1.196	3.3459999999999996	3.5180000000000002	102.00000000000001	6.999999999999999	8.0	19.0	32.0	62.0	6	6	42512.0	42.512	0	0	0.0	0.0
84	LR999924.1	8400000.0	8500000.0	106	9675	8.0	1793.0	8.0	842.0	0.0	0.0	6.0	749.0	2.0	105.0	4	559	43	1898	100000.0	9.675	0.559	0.105	0.947	2.74	3.489	106.0	4.0	6.0	13.999999999999998	22.0	71.0	9	9	47728.0	47.728	0	0	0.0	0.0
85	LR999924.1	8500000.0	8600000.0	120	12709	23.0	4256.0	17.0	1564.0	1.0	105.0	5.0	901.0	1.0	128.0	9	1111	23	789	100000.0	12.709000000000001	1.111	0.128	1.6920000000000002	5.9479999999999995	6.848999999999999	119.99999999999999	9.0	10.0	27.0	50.0	78.0	4	4	25685.0	25.685000000000002	0	0	0.0	0.0
86	LR999924.1	8600000.0	8700000.0	108	9072	8.0	1858.0	8.0	615.0	0.0	0.0	1.0	128.0	1.0	49.0	3	465	49	2109	100000.0	9.072	0.46499999999999997	0.049	0.664	2.522	2.65	108.0	3.0	4.0	12.0	20.0	70.0	4	4	17484.0	17.483999999999998	0	0	0.0	0.0
87	LR999924.1	8700000.0	8800000.0	162	21246	23.0	4608.0	10.0	1079.0	2.0	565.0	11.0	1981.0	0.0	0.0	16	5244	35	1456	100000.0	21.246000000000002	5.244	0.0	1.079	5.686999999999999	7.668	162.0	16.0	16.0	25.999999999999996	49.0	95.0	3	3	7462.0	7.462000000000001	0	0	0.0	0.0
88	LR999924.1	8800000.0	8900000.0	142	16522	28.0	4381.0	11.0	2570.0	1.0	1586.0	9.0	1057.0	1.0	68.0	9	1400	25	996	100000.0	16.522000000000002	1.4000000000000001	0.068	2.638	7.019	8.076	142.0	9.0	10.0	21.0	49.0	83.0	2	2	14571.0	14.571000000000002	0	0	0.0	0.0
89	LR999924.1	8900000.0	9000000.0	123	12791	27.0	5338.0	10.0	819.0	0.0	0.0	5.0	746.0	0.0	0.0	9	1093	27	1078	100000.0	12.791	1.093	0.0	0.819	6.157	6.903	123.0	9.0	9.0	19.0	46.0	78.0	2	2	607.0	0.607	0	0	0.0	0.0
90	LR999924.1	9000000.0	9100000.0	187	26932	30.0	5257.0	20.0	2799.0	0.0	0.0	10.0	1718.0	4.0	5447.0	15	2379	39	1395	100000.0	26.932000000000002	2.379	5.447	8.246	13.503000000000002	15.221000000000002	187.0	14.999999999999998	19.0	39.0	69.0	118.0	1	1	5359.0	5.359	0	0	0.0	0.0
91	LR999924.1	9100000.0	9200000.0	186	31418	29.0	5117.0	12.0	2633.0	0.0	0.0	18.0	9032.0	1.0	149.0	23	5535	35	1532	100000.0	31.418000000000003	5.535	0.149	2.782	7.899000000000001	16.930999999999997	186.0	23.0	24.0	36.0	65.0	118.0	0	0	0.0	0.0	0	0	0.0	0.0
92	LR999924.1	9200000.0	9300000.0	207	23934	38.0	6346.0	18.0	1503.0	1.0	37.0	10.0	1527.0	2.0	100.0	15	2668	39	1692	100000.0	23.934	2.6679999999999997	0.1	1.603	7.949000000000001	9.475999999999999	206.99999999999997	14.999999999999998	17.0	35.0	73.0	122.0	2	2	21684.0	21.684	0	0	0.0	0.0
93	LR999924.1	9300000.0	9400000.0	128	16361	14.0	2351.0	15.0	1480.0	0.0	0.0	4.0	1540.0	1.0	78.0	5	2871	28	1076	100000.0	16.361	2.871	0.078	1.558	3.909	5.449	128.0	5.0	6.0	21.0	35.0	67.0	6	6	22712.0	22.712	0	0	0.0	0.0
94	LR999924.1	9400000.0	9500000.0	161	15796	28.0	5131.0	8.0	708.0	0.0	0.0	7.0	460.0	2.0	175.0	14	1713	35	1583	100000.0	15.796	1.7129999999999999	0.17500000000000002	0.8829999999999999	6.014	6.474	161.0	13.999999999999998	16.0	24.0	51.99999999999999	94.0	6	6	24944.0	24.944	0	0	0.0	0.0
95	LR999924.1	9500000.0	9600000.0	177	18433	18.0	3410.0	17.0	1598.0	0.0	0.0	6.0	806.0	1.0	125.0	9	1338	29	1233	100000.0	18.433	1.3379999999999999	0.125	1.7229999999999999	5.133	5.939	177.0	9.0	10.0	27.0	45.0	80.0	0	0	0.0	0.0	0	0	0.0	0.0
96	LR999924.1	9600000.0	9700000.0	158	16967	45.0	6807.0	8.0	1076.0	0.0	0.0	8.0	1198.0	0.0	0.0	24	2897	34	1135	100000.0	16.967	2.897	0.0	1.076	7.883	9.081	158.0	24.0	24.0	32.0	77.0	119.00000000000001	2	2	33028.0	33.028	0	0	0.0	0.0
97	LR999924.1	9700000.0	9800000.0	104	9476	10.0	2634.0	5.0	424.0	0.0	0.0	1.0	186.0	0.0	0.0	5	918	38	1563	100000.0	9.475999999999999	0.918	0.0	0.424	3.058	3.2439999999999998	103.99999999999999	5.0	5.0	10.0	20.0	59.0	3	3	22413.0	22.413	0	0	0.0	0.0
98	LR999924.1	9800000.0	9900000.0	145	13505	11.0	1713.0	8.0	346.0	0.0	0.0	5.0	448.0	2.0	560.0	8	1798	40	1731	100000.0	13.505	1.798	0.5599999999999999	0.906	2.619	3.0669999999999997	145.0	8.0	10.0	18.0	29.0	74.0	1	1	2947.0	2.947	0	0	0.0	0.0
99	LR999924.1	9900000.0	10000000.0	85	14823	4.0	629.0	8.0	885.0	0.0	0.0	3.0	322.0	1.0	161.0	6	8834	36	1415	100000.0	14.823	8.834	0.161	1.046	1.675	1.997	85.0	6.0	6.999999999999999	14.999999999999998	19.0	58.0	4	4	29424.0	29.424	0	0	0.0	0.0
100	LR999924.1	10000000.0	10100000.0	167	16355	24.0	3570.0	8.0	708.0	0.0	0.0	8.0	1150.0	3.0	141.0	9	1499	42	1820	100000.0	16.355	1.4989999999999999	0.14100000000000001	0.849	4.419	5.569	167.0	9.0	12.0	20.0	44.0	94.0	1	1	1874.0	1.8739999999999999	0	0	0.0	0.0
101	LR999924.1	10100000.0	10200000.0	179	24055	26.0	4330.0	12.0	1499.0	3.0	733.0	7.0	960.0	2.0	184.0	26	6894	31	1240	100000.0	24.055	6.894	0.184	1.683	6.013	6.973	179.0	25.999999999999996	27.999999999999996	40.0	66.0	103.99999999999999	0	0	0.0	0.0	0	0	0.0	0.0
102	LR999924.1	10200000.0	10300000.0	143	26467	12.0	3094.0	5.0	1298.0	1.0	624.0	17.0	5644.0	1.0	64.0	20	9462	37	1655	100000.0	26.467000000000002	9.462	0.064	1.362	4.456	10.100000000000001	143.0	20.0	21.0	25.999999999999996	38.0	92.0	0	0	0.0	0.0	0	0	0.0	0.0
103	LR999924.1	10300000.0	10400000.0	100	14269	10.0	2000.0	7.0	1649.0	0.0	0.0	3.0	349.0	3.0	3872.0	5	2192	45	2067	100000.0	14.269000000000002	2.1919999999999997	3.872	5.521	7.521	7.870000000000001	100.0	5.0	8.0	14.999999999999998	25.0	73.0	0	0	0.0	0.0	0	0	0.0	0.0
104	LR999924.1	10400000.0	10500000.0	160	23199	12.0	2585.0	15.0	1147.0	0.0	0.0	7.0	1213.0	1.0	42.0	20	8409	38	1552	100000.0	23.199	8.408999999999999	0.042	1.189	3.7740000000000005	4.987	160.0	20.0	21.0	36.0	48.0	93.0	4	4	19500.0	19.5	0	0	0.0	0.0
105	LR999924.1	10500000.0	10600000.0	85	7600	6.0	1213.0	4.0	310.0	0.0	0.0	0.0	0.0	1.0	36.0	10	1910	38	1813	100000.0	7.6	1.91	0.036000000000000004	0.346	1.559	1.559	85.0	10.0	11.0	14.999999999999998	21.0	59.0	3	3	34314.0	34.314	0	0	0.0	0.0
106	LR999924.1	10600000.0	10700000.0	117	13131	14.0	2378.0	8.0	1091.0	0.0	0.0	6.0	738.0	3.0	895.0	14	1940	34	1478	100000.0	13.131	1.94	0.895	1.986	4.364	5.102	117.0	13.999999999999998	17.0	25.0	39.0	79.0	3	3	32454.0	32.454	0	0	0.0	0.0
107	LR999924.1	10700000.0	10800000.0	116	10904	11.0	1995.0	14.0	2301.0	1.0	59.0	2.0	244.0	1.0	66.0	5	610	40	1624	100000.0	10.904	0.61	0.066	2.367	4.362	4.606	116.0	5.0	6.0	20.0	31.0	73.0	4	4	18992.0	18.992	0	0	0.0	0.0
108	LR999924.1	10800000.0	10900000.0	77	8033	7.0	1524.0	9.0	1846.0	0.0	0.0	1.0	240.0	0.0	0.0	2	100	29	1196	100000.0	8.033	0.1	0.0	1.846	3.37	3.61	77.0	2.0	2.0	11.0	18.0	48.0	10	10	28047.0	28.047	0	0	0.0	0.0
109	LR999924.1	10900000.0	11000000.0	128	12255	14.0	2618.0	17.0	1971.0	3.0	366.0	6.0	872.0	1.0	35.0	10	924	34	1353	100000.0	12.255	0.924	0.034999999999999996	2.0060000000000002	4.6240000000000006	5.496	128.0	10.0	11.0	27.999999999999996	42.0	82.0	8	8	21351.0	21.351	0	0	0.0	0.0
110	LR999924.1	11000000.0	11100000.0	129	15961	9.0	2031.0	13.0	1404.0	2.0	342.0	14.0	1801.0	3.0	3122.0	12	1692	38	1631	100000.0	15.961	1.6920000000000002	3.1220000000000003	4.526	6.557	8.358	129.0	12.0	14.999999999999998	27.999999999999996	37.0	89.0	5	5	23588.0	23.588	0	0	0.0	0.0
111	LR999924.1	11100000.0	11200000.0	106	11362	17.0	2828.0	9.0	2101.0	3.0	524.0	11.0	1529.0	0.0	0.0	2	151	26	1029	100000.0	11.362	0.151	0.0	2.101	4.929	6.458	106.0	2.0	2.0	11.0	27.999999999999996	65.0	3	3	9187.0	9.187	0	0	0.0	0.0
112	LR999924.1	11200000.0	11300000.0	133	17024	24.0	4241.0	11.0	2295.0	2.0	191.0	8.0	1184.0	3.0	281.0	16	4260	34	1377	100000.0	17.024	4.26	0.281	2.576	6.816999999999999	8.001	133.0	16.0	19.0	29.999999999999996	54.0	96.0	2	2	3290.0	3.29	0	0	0.0	0.0
113	LR999924.1	11300000.0	11400000.0	139	16887	16.0	3128.0	7.0	2192.0	1.0	139.0	12.0	2026.0	0.0	0.0	6	608	35	1294	100000.0	16.887	0.608	0.0	2.1919999999999997	5.319999999999999	7.346	139.0	6.0	6.0	12.999999999999998	29.0	76.0	4	4	11632.0	11.632000000000001	0	0	0.0	0.0
114	LR999924.1	11400000.0	11500000.0	94	9898	16.0	2312.0	0.0	0.0	0.0	0.0	5.0	470.0	3.0	2378.0	6	791	35	1612	100000.0	9.898	0.791	2.378	2.378	4.6899999999999995	5.16	94.0	6.0	9.0	9.0	25.0	65.0	3	3	19708.0	19.708000000000002	0	0	0.0	0.0
115	LR999924.1	11500000.0	11600000.0	157	17525	27.0	5095.0	6.0	817.0	1.0	369.0	4.0	483.0	1.0	144.0	16	2638	26	1031	100000.0	17.525	2.638	0.14400000000000002	0.9610000000000001	6.056	6.539000000000001	157.0	16.0	17.0	23.0	50.0	80.0	0	0	0.0	0.0	0	0	0.0	0.0
116	LR999924.1	11600000.0	11700000.0	116	14757	12.0	2424.0	5.0	339.0	1.0	79.0	5.0	778.0	1.0	83.0	17	5919	41	1630	100000.0	14.757000000000001	5.919	0.083	0.422	2.846	3.624	116.0	17.0	18.0	23.0	35.0	81.0	1	1	11125.0	11.125	0	0	0.0	0.0
117	LR999924.1	11700000.0	11800000.0	131	14153	16.0	3449.0	14.0	3345.0	0.0	0.0	6.0	726.0	3.0	205.0	4	673	46	2077	100000.0	14.152999999999999	0.673	0.20500000000000002	3.55	6.999	7.725	131.0	4.0	6.999999999999999	21.0	37.0	89.0	5	5	43365.0	43.364999999999995	0	0	0.0	0.0
118	LR999924.1	11800000.0	11900000.0	146	19629	17.0	3323.0	12.0	1995.0	0.0	0.0	12.0	1444.0	1.0	88.0	13	4039	26	1149	100000.0	19.628999999999998	4.039000000000001	0.08800000000000001	2.083	5.406	6.8500000000000005	146.0	12.999999999999998	13.999999999999998	25.999999999999996	43.0	81.0	0	0	0.0	0.0	0	0	0.0	0.0
119	LR999924.1	11900000.0	12000000.0	117	14650	9.0	1835.0	9.0	1676.0	2.0	637.0	10.0	1784.0	3.0	288.0	7	1728	38	1718	100000.0	14.649999999999999	1.728	0.28800000000000003	1.9640000000000002	3.7990000000000004	5.583	117.0	6.999999999999999	10.0	19.0	27.999999999999996	76.0	3	3	5314.0	5.314	0	0	0.0	0.0
120	LR999924.1	12000000.0	12100000.0	124	14771	6.0	744.0	15.0	3500.0	0.0	0.0	5.0	1853.0	0.0	0.0	9	2591	38	1598	100000.0	14.771	2.5909999999999997	0.0	3.5000000000000004	4.244	6.097	124.0	9.0	9.0	24.0	29.999999999999996	73.0	0	0	0.0	0.0	0	0	0.0	0.0
121	LR999924.1	12100000.0	12200000.0	84	7910	9.0	1059.0	9.0	1252.0	0.0	0.0	5.0	664.0	1.0	103.0	6	1758	32	1432	100000.0	7.91	1.7579999999999998	0.10300000000000001	1.355	2.414	3.078	84.0	6.0	6.999999999999999	16.0	25.0	62.0	2	2	4083.0	4.083	0	0	0.0	0.0
122	LR999924.1	12200000.0	12300000.0	99	12584	18.0	3686.0	3.0	358.0	0.0	0.0	4.0	425.0	6.0	3767.0	3	371	39	1695	100000.0	12.584000000000001	0.371	3.7670000000000003	4.125	7.811	8.236	99.0	3.0	9.0	12.0	29.999999999999996	73.0	1	1	1506.0	1.506	0	0	0.0	0.0
123	LR999924.1	12300000.0	12400000.0	167	18552	24.0	3645.0	14.0	2355.0	1.0	39.0	10.0	1391.0	0.0	0.0	13	1931	34	1382	100000.0	18.552	1.931	0.0	2.355	6.0	7.391	167.0	12.999999999999998	12.999999999999998	27.0	51.00000000000001	95.0	0	0	0.0	0.0	0	0	0.0	0.0
124	LR999924.1	12400000.0	12500000.0	102	8440	9.0	1699.0	5.0	511.0	0.0	0.0	4.0	452.0	0.0	0.0	5	339	37	1562	100000.0	8.44	0.33899999999999997	0.0	0.511	2.21	2.662	102.00000000000001	5.0	5.0	10.0	19.0	59.99999999999999	4	4	37556.0	37.556	0	0	0.0	0.0
125	LR999924.1	12500000.0	12600000.0	101	13811	10.0	1691.0	8.0	1026.0	2.0	570.0	3.0	474.0	0.0	0.0	9	3586	31	1397	100000.0	13.811000000000002	3.5860000000000003	0.0	1.026	2.717	3.1910000000000003	101.0	9.0	9.0	17.0	27.0	61.0	7	7	36505.0	36.504999999999995	0	0	0.0	0.0
126	LR999924.1	12600000.0	12700000.0	101	13570	10.0	1996.0	6.0	360.0	0.0	0.0	4.0	668.0	2.0	4238.0	8	1416	37	1603	100000.0	13.569999999999999	1.4160000000000001	4.238	4.598	6.593999999999999	7.2620000000000005	101.0	8.0	10.0	16.0	25.999999999999996	67.0	3	3	21573.0	21.573	0	0	0.0	0.0
127	LR999924.1	12700000.0	12800000.0	92	9360	13.0	2455.0	4.0	531.0	0.0	0.0	3.0	1114.0	1.0	42.0	7	577	28	1255	100000.0	9.36	0.577	0.042	0.573	3.028	4.1419999999999995	92.0	6.999999999999999	8.0	12.0	25.0	55.99999999999999	5	5	38838.0	38.838	0	0	0.0	0.0
128	LR999924.1	12800000.0	12900000.0	147	17033	29.0	5791.0	8.0	1950.0	1.0	1068.0	3.0	474.0	2.0	238.0	8	1067	40	1543	100000.0	17.033	1.0670000000000002	0.23800000000000002	2.188	7.979	8.453	147.0	8.0	10.0	18.0	47.0	90.0	4	4	33462.0	33.461999999999996	0	0	0.0	0.0
129	LR999924.1	12900000.0	13000000.0	114	12744	20.0	3368.0	8.0	1117.0	0.0	0.0	6.0	792.0	3.0	176.0	8	1874	31	1206	100000.0	12.744	1.8739999999999999	0.17600000000000002	1.2930000000000001	4.661	5.453	114.0	8.0	11.0	19.0	39.0	76.0	1	1	7083.0	7.083	0	0	0.0	0.0
130	LR999924.1	13000000.0	13100000.0	117	12351	18.0	2979.0	7.0	1114.0	0.0	0.0	9.0	1558.0	1.0	27.0	4	754	36	1493	100000.0	12.350999999999999	0.754	0.027	1.141	4.12	5.678	117.0	4.0	5.0	12.0	29.999999999999996	75.0	0	0	0.0	0.0	0	0	0.0	0.0
131	LR999924.1	13100000.0	13200000.0	134	20204	15.0	2725.0	5.0	624.0	0.0	0.0	10.0	3235.0	1.0	194.0	13	6443	39	1768	100000.0	20.204	6.4430000000000005	0.194	0.818	3.543	6.7780000000000005	134.0	12.999999999999998	13.999999999999998	19.0	34.0	83.0	0	0	0.0	0.0	0	0	0.0	0.0
132	LR999924.1	13200000.0	13300000.0	140	15225	18.0	2902.0	16.0	3415.0	0.0	0.0	2.0	328.0	2.0	287.0	16	1359	39	1566	100000.0	15.225	1.359	0.28700000000000003	3.702	6.604	6.932	140.0	16.0	18.0	34.0	51.99999999999999	93.0	0	0	0.0	0.0	0	0	0.0	0.0
133	LR999924.1	13300000.0	13400000.0	152	20845	13.0	1741.0	20.0	2585.0	0.0	0.0	4.0	2904.0	2.0	149.0	26	6653	34	1306	100000.0	20.845	6.6530000000000005	0.149	2.734	4.475	7.379	152.0	25.999999999999996	27.999999999999996	48.0	61.0	99.0	3	3	9151.0	9.151	0	0	0.0	0.0
134	LR999924.1	13400000.0	13500000.0	157	17156	24.0	3998.0	13.0	2232.0	0.0	0.0	9.0	2062.0	1.0	141.0	12	1213	41	1682	100000.0	17.156	1.213	0.14100000000000001	2.373	6.371	8.433	157.0	12.0	12.999999999999998	25.999999999999996	50.0	100.0	1	1	22823.0	22.823	0	0	0.0	0.0
135	LR999924.1	13500000.0	13600000.0	127	11827	21.0	4050.0	8.0	559.0	0.0	0.0	7.0	587.0	1.0	69.0	10	1327	29	1075	100000.0	11.827	1.327	0.06899999999999999	0.628	4.678	5.265000000000001	127.00000000000001	10.0	11.0	19.0	40.0	76.0	2	2	9495.0	9.495000000000001	1	1	2516.0	2.516
136	LR999924.1	13600000.0	13700000.0	82	9535	6.0	1340.0	3.0	214.0	0.0	0.0	3.0	335.0	4.0	2728.0	1	265	28	1248	100000.0	9.535	0.265	2.7279999999999998	2.942	4.282	4.617	82.0	1.0	5.0	8.0	13.999999999999998	45.0	0	0	0.0	0.0	0	0	0.0	0.0
137	LR999924.1	13700000.0	13800000.0	96	8429	6.0	1196.0	3.0	276.0	0.0	0.0	5.0	669.0	0.0	0.0	4	456	46	1873	100000.0	8.429	0.45599999999999996	0.0	0.27599999999999997	1.472	2.141	96.0	4.0	4.0	6.999999999999999	12.999999999999998	64.0	2	2	3009.0	3.009	0	0	0.0	0.0
138	LR999924.1	13800000.0	13900000.0	131	13724	22.0	3915.0	5.0	465.0	0.0	0.0	3.0	463.0	0.0	0.0	7	1299	35	1569	100000.0	13.724	1.299	0.0	0.46499999999999997	4.38	4.843	131.0	6.999999999999999	6.999999999999999	12.0	34.0	72.0	5	5	19862.0	19.862	2	2	12483.0	12.483
139	LR999924.1	13900000.0	14000000.0	125	15638	23.0	3595.0	9.0	724.0	0.0	0.0	11.0	2280.0	0.0	0.0	14	3820	29	1149	100000.0	15.638	3.82	0.0	0.724	4.319	6.598999999999999	125.0	13.999999999999998	13.999999999999998	23.0	46.0	86.0	0	0	0.0	0.0	0	0	0.0	0.0
140	LR999924.1	14000000.0	14100000.0	106	13222	8.0	1565.0	7.0	2135.0	0.0	0.0	5.0	545.0	1.0	100.0	14	3535	23	908	100000.0	13.222000000000001	3.535	0.1	2.235	3.8	4.345000000000001	106.0	13.999999999999998	14.999999999999998	22.0	29.999999999999996	58.0	1	1	3640.0	3.64	0	0	0.0	0.0
141	LR999924.1	14100000.0	14200000.0	149	18054	17.0	2154.0	18.0	3579.0	0.0	0.0	7.0	1073.0	2.0	143.0	13	2273	31	1318	100000.0	18.054000000000002	2.273	0.14300000000000002	3.7220000000000004	5.876	6.949	149.0	12.999999999999998	14.999999999999998	33.0	50.0	88.0	1	1	3245.0	3.245	0	0	0.0	0.0
142	LR999924.1	14200000.0	14300000.0	107	13954	18.0	3331.0	4.0	349.0	0.0	0.0	4.0	601.0	3.0	111.0	7	2061	27	1284	100000.0	13.954	2.061	0.11100000000000002	0.45999999999999996	3.791	4.392	107.0	6.999999999999999	10.0	13.999999999999998	32.0	63.0	3	3	13988.0	13.988	0	0	0.0	0.0
143	LR999924.1	14300000.0	14400000.0	109	10456	21.0	3639.0	12.0	675.0	1.0	57.0	6.0	1208.0	1.0	80.0	4	907	35	1403	100000.0	10.456	0.907	0.08	0.755	4.394	5.602	109.0	4.0	5.0	17.0	38.0	79.0	2	2	8205.0	8.205	0	0	0.0	0.0
144	LR999924.1	14400000.0	14500000.0	115	12524	16.0	3361.0	11.0	2119.0	2.0	157.0	1.0	208.0	2.0	139.0	6	534	34	1523	100000.0	12.524	0.534	0.13899999999999998	2.258	5.619	5.827	115.0	6.0	8.0	19.0	35.0	70.0	0	0	0.0	0.0	0	0	0.0	0.0
145	LR999924.1	14500000.0	14600000.0	132	17278	25.0	4137.0	8.0	724.0	0.0	0.0	7.0	3416.0	0.0	0.0	14	3806	38	1555	100000.0	17.278	3.8059999999999996	0.0	0.724	4.861	8.277	132.0	13.999999999999998	13.999999999999998	22.0	47.0	92.0	2	2	7037.0	7.037	0	0	0.0	0.0
146	LR999924.1	14600000.0	14700000.0	138	14047	30.0	4818.0	11.0	1306.0	0.0	0.0	8.0	1310.0	1.0	109.0	14	1284	25	1103	100000.0	14.047	1.284	0.109	1.415	6.2330000000000005	7.542999999999999	138.0	13.999999999999998	14.999999999999998	25.999999999999996	55.99999999999999	89.0	1	1	10923.0	10.923	0	0	0.0	0.0
147	LR999924.1	14700000.0	14800000.0	112	16693	17.0	2750.0	14.0	3483.0	0.0	0.0	8.0	3109.0	1.0	56.0	7	2927	34	1567	100000.0	16.692999999999998	2.927	0.055999999999999994	3.5389999999999997	6.289	9.398	111.99999999999999	6.999999999999999	8.0	22.0	39.0	81.0	5	5	24697.0	24.697	0	0	0.0	0.0
148	LR999924.1	14800000.0	14900000.0	105	11683	19.0	3988.0	12.0	1468.0	3.0	343.0	5.0	1091.0	1.0	84.0	5	499	29	1310	100000.0	11.683	0.49899999999999994	0.084	1.552	5.54	6.630999999999999	105.0	5.0	6.0	18.0	37.0	71.0	2	2	8018.0	8.018	0	0	0.0	0.0
149	LR999924.1	14900000.0	15000000.0	75	10026	14.0	2727.0	2.0	842.0	0.0	0.0	3.0	225.0	1.0	141.0	10	3530	30	1186	100000.0	10.026	3.53	0.14100000000000001	0.983	3.71	3.9350000000000005	75.0	10.0	11.0	12.999999999999998	27.0	59.99999999999999	2	2	10957.0	10.957	0	0	0.0	0.0
150	LR999924.1	15000000.0	15100000.0	116	15152	15.0	3196.0	8.0	2207.0	1.0	1580.0	5.0	1700.0	2.0	188.0	16	2099	29	1209	100000.0	15.152	2.099	0.188	2.395	5.591	7.291	116.0	16.0	18.0	25.999999999999996	41.0	75.0	6	6	25394.0	25.394	0	0	0.0	0.0
151	LR999924.1	15100000.0	15200000.0	109	15584	20.0	3608.0	10.0	2691.0	0.0	0.0	7.0	1215.0	0.0	0.0	11	4015	30	1248	100000.0	15.584000000000001	4.015	0.0	2.691	6.299	7.514	109.0	11.0	11.0	21.0	41.0	78.0	4	4	20469.0	20.469	0	0	0.0	0.0
152	LR999924.1	15200000.0	15300000.0	126	15532	27.0	5310.0	6.0	628.0	0.0	0.0	5.0	1776.0	2.0	86.0	13	2713	35	1413	100000.0	15.532000000000002	2.713	0.086	0.714	6.024	7.8	126.0	12.999999999999998	14.999999999999998	21.0	48.0	88.0	6	6	36336.0	36.336	0	0	0.0	0.0
153	LR999924.1	15300000.0	15400000.0	142	17052	8.0	1541.0	16.0	3121.0	0.0	0.0	5.0	1524.0	5.0	496.0	14	3227	42	1710	100000.0	17.052	3.227	0.496	3.617	5.158	6.682	142.0	13.999999999999998	19.0	35.0	43.0	90.0	5	5	30267.0	30.267	0	0	0.0	0.0
154	LR999924.1	15400000.0	15500000.0	131	22382	28.0	4661.0	18.0	2385.0	0.0	0.0	4.0	305.0	5.0	2744.0	13	7554	30	1252	100000.0	22.381999999999998	7.553999999999999	2.7439999999999998	5.1290000000000004	9.790000000000001	10.095	131.0	12.999999999999998	18.0	36.0	64.0	98.0	6	6	28025.0	28.025	1	1	314.0	0.314
155	LR999924.1	15500000.0	15600000.0	108	12626	18.0	3009.0	5.0	1028.0	1.0	555.0	2.0	200.0	0.0	0.0	14	2756	31	1338	100000.0	12.626000000000001	2.7560000000000002	0.0	1.028	4.037	4.237	108.0	13.999999999999998	13.999999999999998	19.0	37.0	70.0	3	3	25765.0	25.765	0	0	0.0	0.0
156	LR999924.1	15600000.0	15700000.0	122	16616	19.0	3355.0	4.0	300.0	1.0	76.0	9.0	4077.0	0.0	0.0	20	4478	32	1241	100000.0	16.616	4.478	0.0	0.3	3.655	7.732	122.0	20.0	20.0	24.0	43.0	84.0	1	1	1508.0	1.508	0	0	0.0	0.0
157	LR999924.1	15700000.0	15800000.0	117	11616	14.0	2827.0	8.0	1061.0	0.0	0.0	9.0	1039.0	0.0	0.0	11	1930	40	1725	100000.0	11.616	1.9300000000000002	0.0	1.061	3.888	4.9270000000000005	117.0	11.0	11.0	19.0	33.0	82.0	7	7	44992.0	44.992	0	0	0.0	0.0
158	LR999924.1	15800000.0	15900000.0	124	16083	23.0	3498.0	5.0	1655.0	0.0	0.0	4.0	869.0	6.0	3392.0	12	1451	36	1680	100000.0	16.083	1.451	3.392	5.047	8.545	9.414	124.0	12.0	18.0	23.0	46.0	86.0	1	1	7106.0	7.106	0	0	0.0	0.0
159	LR999924.1	15900000.0	16000000.0	183	23949	35.0	6942.0	10.0	763.0	0.0	0.0	14.0	2880.0	2.0	1471.0	21	5896	37	1582	100000.0	23.949	5.896	1.471	2.234	9.176	12.056000000000001	183.0	21.0	23.0	33.0	68.0	119.00000000000001	2	2	2487.0	2.487	0	0	0.0	0.0
160	LR999924.1	16000000.0	16100000.0	145	14963	24.0	4969.0	12.0	1103.0	0.0	0.0	7.0	1456.0	0.0	0.0	12	1435	40	1686	100000.0	14.963000000000001	1.435	0.0	1.103	6.072	7.528	145.0	12.0	12.0	24.0	48.0	95.0	1	1	764.0	0.764	0	0	0.0	0.0
161	LR999924.1	16100000.0	16200000.0	160	16548	27.0	4634.0	4.0	330.0	0.0	0.0	8.0	2248.0	5.0	303.0	14	1437	33	1443	100000.0	16.548	1.437	0.303	0.633	5.267	7.515	160.0	13.999999999999998	19.0	23.0	50.0	91.0	0	0	0.0	0.0	0	0	0.0	0.0
162	LR999924.1	16200000.0	16300000.0	134	14563	19.0	3402.0	13.0	1346.0	0.0	0.0	7.0	1793.0	0.0	0.0	11	1905	39	1522	100000.0	14.563	1.905	0.0	1.346	4.748	6.5409999999999995	134.0	11.0	11.0	24.0	43.0	89.0	6	6	43173.0	43.173	0	0	0.0	0.0
163	LR999924.1	16300000.0	16400000.0	194	26469	33.0	6828.0	14.0	2290.0	2.0	723.0	8.0	1427.0	1.0	80.0	24	6735	31	1363	100000.0	26.468999999999998	6.734999999999999	0.08	2.37	9.198	10.625	194.0	24.0	25.0	39.0	72.0	111.00000000000001	1	1	9461.0	9.461	0	0	0.0	0.0
164	LR999924.1	16400000.0	16500000.0	127	16185	29.0	5967.0	4.0	584.0	1.0	315.0	5.0	896.0	2.0	137.0	19	3224	20	789	100000.0	16.185	3.2239999999999998	0.13699999999999998	0.721	6.688	7.5840000000000005	127.00000000000001	19.0	21.0	25.0	54.0	79.0	1	1	15479.0	15.479000000000001	0	0	0.0	0.0
165	LR999924.1	16500000.0	16600000.0	122	16654	18.0	2990.0	12.0	2496.0	1.0	297.0	1.0	160.0	1.0	49.0	10	4921	32	1247	100000.0	16.654	4.920999999999999	0.049	2.545	5.535	5.695	122.0	10.0	11.0	23.0	41.0	74.0	1	1	4413.0	4.413	0	0	0.0	0.0
166	LR999924.1	16600000.0	16700000.0	120	18342	23.0	4095.0	5.0	1837.0	0.0	0.0	9.0	1084.0	2.0	138.0	14	5566	20	747	100000.0	18.342	5.566	0.13799999999999998	1.975	6.069999999999999	7.154000000000001	119.99999999999999	13.999999999999998	16.0	21.0	44.0	73.0	4	4	13031.0	13.031	0	0	0.0	0.0
167	LR999924.1	16700000.0	16800000.0	98	10182	11.0	1582.0	10.0	1445.0	0.0	0.0	1.0	189.0	1.0	624.0	11	1968	33	1193	100000.0	10.181999999999999	1.968	0.624	2.069	3.6510000000000002	3.84	98.0	11.0	12.0	22.0	33.0	67.0	0	0	0.0	0.0	0	0	0.0	0.0
168	LR999924.1	16800000.0	16900000.0	81	11760	12.0	2517.0	6.0	723.0	0.0	0.0	1.0	414.0	0.0	0.0	12	4352	18	533	100000.0	11.76	4.352	0.0	0.7230000000000001	3.2399999999999998	3.6540000000000004	81.0	12.0	12.0	18.0	29.999999999999996	49.0	1	1	7402.0	7.402	0	0	0.0	0.0
169	LR999924.1	16900000.0	17000000.0	51	6572	3.0	842.0	7.0	2467.0	0.0	0.0	1.0	737.0	1.0	41.0	5	637	26	1162	100000.0	6.572	0.637	0.041	2.508	3.35	4.087	51.00000000000001	5.0	6.0	12.999999999999998	16.0	43.0	5	5	28169.0	28.169	0	0	0.0	0.0
170	LR999924.1	17000000.0	17040296.0	34	3275	0.0	0.0	3.0	515.0	0.0	0.0	1.0	68.0	2.0	141.0	1	584	14	659	40296.0	8.127357554099662	1.4492753623188406	0.3499106611078022	1.627953146714314	1.627953146714314	1.7967043875322612	84.3756204089736	2.481635894381576	7.44490768314473	14.88981536628946	14.88981536628946	52.114353782013104	4	4	12093.0	30.010422870756404	0	0	0.0	0.0
