LR999924.1	793	4079930	17714	5240928
LR999925.1	933	3763244	18338	5873290
LR999926.1	976	4065057	19302	6314040
LR999927.1	605	2577777	19438	6887375
LR999928.1	687	3073604	17921	5932160
LR999929.1	763	3216403	20667	7137220
LR999930.1	697	3083686	18224	5969940
LR999931.1	891	3539259	16299	5163699
LR999932.1	696	3352118	19167	6283465
LR999933.1	621	2935529	18481	6097245
LR999934.1	625	4781361	21341	7931833
LR999935.1	776	3756760	16145	4840723
LR999936.1	684	4113631	18550	6244099
LR999937.1	499	2895679	18460	6373107
LR999938.1	604	3136488	17449	5715199
LR999939.1	531	2621605	17557	5615216
LR999940.1	448	8054069	17314	12905727
LR999941.1	665	2795142	16376	5159599
LR999942.1	644	3204293	16673	5440444
LR999943.1	689	3309990	16812	5382355
LR999944.1	470	2568087	17696	6317687
LR999945.1	652	3646752	15995	5188998
LR999946.1	536	3074081	16333	5410726
LR999947.1	398	3406833	17798	6384897
LR999948.1	393	2537200	17196	5908883
LR999949.1	494	3654830	17413	6011005
LR999950.1	317	2243723	13686	4548111
LR999951.1	312	2232037	15660	5349319
LR999952.1	361	2611536	14889	5199835
LR999953.1	498	3318690	14514	5697889
LR999954.1	302	2724522	14101	4918133
LR999955.1	310	2395884	12211	4631158
