chrom	begin	end	CDS_length
LR999924.1 1 2000000 36 242939
LR999924.1 2000001 4000000 41 261183
LR999924.1 4000001 6000000 57 314276
LR999924.1 6000001 8000000 74 307155
LR999924.1 8000001 10000000 71 365997
LR999924.1 10000001 12000000 64 330040
LR999924.1 12000001 14000000 41 249708
LR999924.1 14000001 16000000 62 324418
LR999924.1 16000001 17040296 26 158319
LR999925.1 1 2000000 41 208125
LR999925.1 2000001 4000000 67 282445
LR999925.1 4000001 6000000 110 412492
LR999925.1 6000001 8000000 73 328091
LR999925.1 8000001 10000000 66 273692
LR999925.1 10000001 12000000 75 328542
LR999925.1 12000001 14000000 47 203318
LR999925.1 14000001 16000000 104 416643
LR999925.1 16000001 16607008 15 42134
LR999926.1 1 2000000 91 340792
LR999926.1 2000001 4000000 51 243077
LR999926.1 4000001 6000000 88 328903
LR999926.1 6000001 8000000 90 392337
LR999926.1 8000001 10000000 116 461470
LR999926.1 10000001 12000000 108 461149
LR999926.1 12000001 14000000 57 309630
LR999926.1 14000001 16000000 11 64862
LR999926.1 16000001 16362069 14 43127
LR999927.1 1 2000000 71 268204
LR999927.1 2000001 4000000 47 273465
LR999927.1 4000001 6000000 70 234588
LR999927.1 6000001 8000000 53 204956
LR999927.1 8000001 10000000 55 226353
LR999927.1 10000001 12000000 34 138383
LR999927.1 12000001 14000000 10 38305
LR999927.1 14000001 16000000 67 384174
LR999927.1 16000001 16090551 9 24738
LR999928.1 1 2000000 44 245607
LR999928.1 2000001 4000000 33 154923
LR999928.1 4000001 6000000 56 274322
LR999928.1 6000001 8000000 100 497572
LR999928.1 8000001 10000000 71 296968
LR999928.1 10000001 12000000 37 188176
LR999928.1 12000001 14000000 33 143674
LR999928.1 14000001 16000000 66 385307
LR999928.1 16000001 16000791 0 
LR999929.1 1 2000000 51 244057
LR999929.1 2000001 4000000 34 187444
LR999929.1 4000001 6000000 66 270384
LR999929.1 6000001 8000000 51 230956
LR999929.1 8000001 10000000 97 520973
LR999929.1 10000001 12000000 41 188115
LR999929.1 12000001 14000000 94 414019
LR999929.1 14000001 15952094 53 250252
LR999930.1 1 2000000 31 156463
LR999930.1 2000001 4000000 62 274739
LR999930.1 4000001 6000000 61 262543
LR999930.1 6000001 8000000 99 407518
LR999930.1 8000001 10000000 72 251171
LR999930.1 10000001 12000000 40 186407
LR999930.1 12000001 14000000 73 334149
LR999930.1 14000001 15715213 20 166131
LR999931.1 1 2000000 71 399256
LR999931.1 2000001 4000000 31 146716
LR999931.1 4000001 6000000 72 316895
LR999931.1 6000001 8000000 103 363889
LR999931.1 8000001 10000000 79 249731
LR999931.1 10000001 12000000 122 468853
LR999931.1 12000001 14000000 38 139355
LR999931.1 14000001 15572524 44 152136
LR999932.1 1 2000000 39 252572
LR999932.1 2000001 4000000 64 332178
LR999932.1 4000001 6000000 78 290270
LR999932.1 6000001 8000000 70 358488
LR999932.1 8000001 10000000 54 277213
LR999932.1 10000001 12000000 52 217600
LR999932.1 12000001 14000000 60 273743
LR999932.1 14000001 15426761 48 266307
LR999933.1 1 2000000 42 303480
LR999933.1 2000001 4000000 40 181383
LR999933.1 4000001 6000000 49 243171
LR999933.1 6000001 8000000 68 345737
LR999933.1 8000001 10000000 56 246172
LR999933.1 10000001 12000000 79 386884
LR999933.1 12000001 14000000 33 216874
LR999933.1 14000001 15296561 32 134705
LR999934.1 1 2000000 37 318697
LR999934.1 2000001 4000000 31 178634
LR999934.1 4000001 6000000 41 188191
LR999934.1 6000001 8000000 45 450607
LR999934.1 8000001 10000000 84 462853
LR999934.1 10000001 12000000 80 598782
LR999934.1 12000001 14000000 62 604592
LR999934.1 14000001 14945938 48 332549
LR999935.1 1 2000000 82 476899
LR999935.1 2000001 4000000 57 397069
LR999935.1 4000001 6000000 47 146854
LR999935.1 6000001 8000000 114 428301
LR999935.1 8000001 10000000 63 234937
LR999935.1 10000001 12000000 77 305358
LR999935.1 12000001 14000000 61 321753
LR999935.1 14000001 14868897 9 33263
LR999936.1 1 2000000 74 529638
LR999936.1 2000001 4000000 48 457907
LR999936.1 4000001 6000000 114 584258
LR999936.1 6000001 8000000 48 161225
LR999936.1 8000001 10000000 65 328420
LR999936.1 10000001 12000000 54 290413
LR999936.1 12000001 14000000 43 423668
LR999936.1 14000001 14774369 10 35444
LR999937.1 1 2000000 40 291715
LR999937.1 2000001 4000000 29 197409
LR999937.1 4000001 6000000 58 378549
LR999937.1 6000001 8000000 56 274710
LR999937.1 8000001 10000000 23 166652
LR999937.1 10000001 12000000 47 290501
LR999937.1 12000001 14000000 41 224650
LR999937.1 14000001 14615999 13 75737
LR999938.1 1 2000000 34 167822
LR999938.1 2000001 4000000 48 522870
LR999938.1 4000001 6000000 31 145571
LR999938.1 6000001 8000000 39 131837
LR999938.1 8000001 10000000 54 225289
LR999938.1 10000001 12000000 69 247808
LR999938.1 12000001 14000000 70 447527
LR999938.1 14000001 14605406 28 198648
LR999939.1 1 2000000 36 276466
LR999939.1 2000001 4000000 26 115242
LR999939.1 4000001 6000000 46 193241
LR999939.1 6000001 8000000 73 264419
LR999939.1 8000001 10000000 57 212962
LR999939.1 10000001 12000000 56 406165
LR999939.1 12000001 13916383 49 412874
LR999940.1 1 2000000 43 189031
LR999940.1 2000001 4000000 36 222401
LR999940.1 4000001 6000000 26 184526
LR999940.1 6000001 8000000 25 93096
LR999940.1 8000001 10000000 26 113605
LR999940.1 10000001 12000000 35 146653
LR999940.1 12000001 13819298 37 184814
LR999941.1 1 2000000 47 195553
LR999941.1 2000001 4000000 51 262025
LR999941.1 4000001 6000000 37 171703
LR999941.1 6000001 8000000 123 402316
LR999941.1 8000001 10000000 89 336085
LR999941.1 10000001 12000000 51 257826
LR999941.1 12000001 13774036 43 238037
LR999942.1 1 2000000 27 425185
LR999942.1 2000001 4000000 76 408127
LR999942.1 4000001 6000000 90 281565
LR999942.1 6000001 8000000 64 236610
LR999942.1 8000001 10000000 55 240376
LR999942.1 10000001 12000000 83 485414
LR999942.1 12000001 13550656 42 196507
LR999943.1 1 2000000 55 447461
LR999943.1 2000001 4000000 79 459886
LR999943.1 4000001 6000000 73 370750
LR999943.1 6000001 8000000 81 307271
LR999943.1 8000001 10000000 84 394109
LR999943.1 10000001 12000000 50 326517
LR999943.1 12000001 13236624 24 96336
LR999944.1 1 2000000 40 194895
LR999944.1 2000001 4000000 42 307792
LR999944.1 4000001 6000000 43 265900
LR999944.1 6000001 8000000 54 280829
LR999944.1 8000001 10000000 26 301769
LR999944.1 10000001 12000000 39 199943
LR999944.1 12000001 12933853 32 139206
LR999945.1 1 2000000 76 571475
LR999945.1 2000001 4000000 47 446267
LR999945.1 4000001 6000000 121 486593
LR999945.1 6000001 8000000 81 364095
LR999945.1 8000001 10000000 56 332947
LR999945.1 10000001 12000000 32 203853
LR999945.1 12000001 12861081 12 67382
LR999946.1 1 2000000 60 265792
LR999946.1 2000001 4000000 37 330647
LR999946.1 4000001 6000000 52 296955
LR999946.1 6000001 8000000 99 389251
LR999946.1 8000001 10000000 36 246285
LR999946.1 10000001 12000000 32 345168
LR999946.1 12000001 12594674 26 164856
LR999947.1 1 2000000 55 389854
LR999947.1 2000001 4000000 31 495304
LR999947.1 4000001 6000000 64 330663
LR999947.1 6000001 8000000 40 256194
LR999947.1 8000001 10000000 61 409407
LR999947.1 10000001 11704087 38 441694
LR999948.1 1 2000000 26 172099
LR999948.1 2000001 4000000 50 404844
LR999948.1 4000001 6000000 52 252146
LR999948.1 6000001 8000000 55 312953
LR999948.1 8000001 10000000 49 299457
LR999948.1 10000001 11326783 24 248983
LR999949.1 1 2000000 52 446888
LR999949.1 2000001 4000000 44 288803
LR999949.1 4000001 6000000 66 375988
LR999949.1 6000001 8000000 79 397709
LR999949.1 8000001 10000000 41 496932
LR999949.1 10000001 11199261 38 324044
LR999950.1 1 2000000 49 453629
LR999950.1 2000001 4000000 30 226434
LR999950.1 4000001 6000000 31 134825
LR999950.1 6000001 8000000 40 215481
LR999950.1 8000001 9960137 39 336300
LR999951.1 1 2000000 29 301678
LR999951.1 2000001 4000000 51 329399
LR999951.1 4000001 6000000 36 180865
LR999951.1 6000001 8000000 38 363832
LR999951.1 8000001 9839934 35 288551
LR999952.1 1 2000000 59 515204
LR999952.1 2000001 4000000 39 308654
LR999952.1 4000001 6000000 73 514676
LR999952.1 6000001 8000000 60 584563
LR999952.1 8000001 8262369 0 
LR999953.1 1 2000000 77 632867
LR999953.1 2000001 4000000 77 287223
LR999953.1 4000001 6000000 80 465854
LR999953.1 6000001 8000000 52 534906
LR999953.1 8000001 8178468 3 8287
LR999954.1 1 2000000 61 605122
LR999954.1 2000001 4000000 58 617138
LR999954.1 4000001 6000000 28 289245
LR999954.1 6000001 7379297 36 457463
LR999955.1 1 2000000 66 627360
LR999955.1 2000001 4000000 64 555077
LR999955.1 4000001 6000000 61 648368
LR999955.1 6000001 6166334 0 
LR999924.1 1 2000000 833739
LR999924.1 2000001 4000000 869852
LR999924.1 4000001 6000000 1089561
LR999924.1 6000001 8000000 1088290
LR999924.1 8000001 10000000 1265351
LR999924.1 10000001 12000000 1121345
LR999924.1 12000001 14000000 859513
LR999924.1 14000001 16000000 1106189
LR999924.1 16000001 17040296 541663
rm: cannot remove ‘*tmp’: No such file or directory
LR999925.1 1 2000000 703992
LR999925.1 2000001 4000000 1004843
LR999925.1 4000001 6000000 1460652
LR999925.1 6000001 8000000 1143323
LR999925.1 8000001 10000000 968075
LR999925.1 10000001 12000000 1167395
LR999925.1 12000001 14000000 729397
LR999925.1 14000001 16000000 1482253
LR999925.1 16000001 16607008 151481
rm: cannot remove ‘*tmp’: No such file or directory
LR999926.1 1 2000000 1222948
LR999926.1 2000001 4000000 840519
LR999926.1 4000001 6000000 1162957
LR999926.1 6000001 8000000 1385541
LR999926.1 8000001 10000000 1629001
LR999926.1 10000001 12000000 1601309
LR999926.1 12000001 14000000 1071158
LR999926.1 14000001 16000000 213456
LR999926.1 16000001 16362069 163366
rm: cannot remove ‘*tmp’: No such file or directory
LR999927.1 1 2000000 942927
LR999927.1 2000001 4000000 912875
LR999927.1 4000001 6000000 845005
LR999927.1 6000001 8000000 723388
LR999927.1 8000001 10000000 793106
LR999927.1 10000001 12000000 494075
LR999927.1 12000001 14000000 136511
LR999927.1 14000001 16000000 1306421
LR999927.1 16000001 16090551 95019
rm: cannot remove ‘*tmp’: No such file or directory
LR999928.1 1 2000000 824176
LR999928.1 2000001 4000000 535181
LR999928.1 4000001 6000000 958872
LR999928.1 6000001 8000000 1739400
LR999928.1 8000001 10000000 1056864
LR999928.1 10000001 12000000 649725
LR999928.1 12000001 14000000 506953
LR999928.1 14000001 16000000 1321939
LR999928.1 16000001 16000791 
rm: cannot remove ‘*tmp’: No such file or directory
LR999929.1 1 2000000 842654
LR999929.1 2000001 4000000 626521
LR999929.1 4000001 6000000 953895
LR999929.1 6000001 8000000 788898
LR999929.1 8000001 10000000 1786611
LR999929.1 10000001 12000000 658369
LR999929.1 12000001 14000000 1449903
LR999929.1 14000001 15952094 864983
rm: cannot remove ‘*tmp’: No such file or directory
LR999930.1 1 2000000 525222
LR999930.1 2000001 4000000 972618
LR999930.1 4000001 6000000 919336
LR999930.1 6000001 8000000 1429171
LR999930.1 8000001 10000000 916915
LR999930.1 10000001 12000000 637901
LR999930.1 12000001 14000000 1172078
LR999930.1 14000001 15715213 554386
rm: cannot remove ‘*tmp’: No such file or directory
LR999931.1 1 2000000 1360230
LR999931.1 2000001 4000000 502257
LR999931.1 4000001 6000000 1118201
LR999931.1 6000001 8000000 1320960
LR999931.1 8000001 10000000 925825
LR999931.1 10000001 12000000 1713264
LR999931.1 12000001 14000000 492133
LR999931.1 14000001 15572524 557194
rm: cannot remove ‘*tmp’: No such file or directory
LR999932.1 1 2000000 848810
LR999932.1 2000001 4000000 1135022
LR999932.1 4000001 6000000 1066715
LR999932.1 6000001 8000000 1272015
LR999932.1 8000001 10000000 937744
LR999932.1 10000001 12000000 777030
LR999932.1 12000001 14000000 959714
LR999932.1 14000001 15426761 922794
rm: cannot remove ‘*tmp’: No such file or directory
LR999933.1 1 2000000 1010248
LR999933.1 2000001 4000000 624393
LR999933.1 4000001 6000000 841095
LR999933.1 6000001 8000000 1187184
LR999933.1 8000001 10000000 869426
LR999933.1 10000001 12000000 1349776
LR999933.1 12000001 14000000 735693
LR999933.1 14000001 15296561 476282
rm: cannot remove ‘*tmp’: No such file or directory
LR999934.1 1 2000000 1031734
LR999934.1 2000001 4000000 576523
LR999934.1 4000001 6000000 640141
LR999934.1 6000001 8000000 1422289
LR999934.1 8000001 10000000 1582105
LR999934.1 10000001 12000000 1990507
LR999934.1 12000001 14000000 1923057
LR999934.1 14000001 14945938 1079798
rm: cannot remove ‘*tmp’: No such file or directory
LR999935.1 1 2000000 1628190
LR999935.1 2000001 4000000 1317034
LR999935.1 4000001 6000000 540376
LR999935.1 6000001 8000000 1570051
LR999935.1 8000001 10000000 870809
LR999935.1 10000001 12000000 1088912
LR999935.1 12000001 14000000 1107301
LR999935.1 14000001 14868897 122300
rm: cannot remove ‘*tmp’: No such file or directory
LR999936.1 1 2000000 1752151
LR999936.1 2000001 4000000 1479500
LR999936.1 4000001 6000000 2013996
LR999936.1 6000001 8000000 588123
LR999936.1 8000001 10000000 1133586
LR999936.1 10000001 12000000 967508
LR999936.1 12000001 14000000 1347342
LR999936.1 14000001 14774369 113338
rm: cannot remove ‘*tmp’: No such file or directory
LR999937.1 1 2000000 966105
LR999937.1 2000001 4000000 662581
LR999937.1 4000001 6000000 1277357
LR999937.1 6000001 8000000 966995
LR999937.1 8000001 10000000 549673
LR999937.1 10000001 12000000 974931
LR999937.1 12000001 14000000 749712
LR999937.1 14000001 14615999 251418
rm: cannot remove ‘*tmp’: No such file or directory
LR999938.1 1 2000000 566773
LR999938.1 2000001 4000000 1650134
LR999938.1 4000001 6000000 485951
LR999938.1 6000001 8000000 475470
LR999938.1 8000001 10000000 788493
LR999938.1 10000001 12000000 870808
LR999938.1 12000001 14000000 1478545
LR999938.1 14000001 14605406 657063
rm: cannot remove ‘*tmp’: No such file or directory
LR999939.1 1 2000000 888899
LR999939.1 2000001 4000000 400028
LR999939.1 4000001 6000000 671434
LR999939.1 6000001 8000000 945507
LR999939.1 8000001 10000000 757796
LR999939.1 10000001 12000000 1355194
LR999939.1 12000001 13916383 1305004
rm: cannot remove ‘*tmp’: No such file or directory
LR999940.1 1 2000000 614803
LR999940.1 2000001 4000000 719896
LR999940.1 4000001 6000000 576166
LR999940.1 6000001 8000000 296419
LR999940.1 8000001 10000000 359187
LR999940.1 10000001 12000000 482429
LR999940.1 12000001 13819298 595803
rm: cannot remove ‘*tmp’: No such file or directory
LR999941.1 1 2000000 670681
LR999941.1 2000001 4000000 918247
LR999941.1 4000001 6000000 611711
LR999941.1 6000001 8000000 1481944
LR999941.1 8000001 10000000 1197984
LR999941.1 10000001 12000000 884264
LR999941.1 12000001 13774036 793801
rm: cannot remove ‘*tmp’: No such file or directory
LR999942.1 1 2000000 1331651
LR999942.1 2000001 4000000 1386829
LR999942.1 4000001 6000000 1027040
LR999942.1 6000001 8000000 855236
LR999942.1 8000001 10000000 848069
LR999942.1 10000001 12000000 1624894
LR999942.1 12000001 13550656 687887
rm: cannot remove ‘*tmp’: No such file or directory
LR999943.1 1 2000000 1459643
LR999943.1 2000001 4000000 1540172
LR999943.1 4000001 6000000 1300321
LR999943.1 6000001 8000000 1093488
LR999943.1 8000001 10000000 1370318
LR999943.1 10000001 12000000 1074906
LR999943.1 12000001 13236624 335173
rm: cannot remove ‘*tmp’: No such file or directory
LR999944.1 1 2000000 675030
LR999944.1 2000001 4000000 988007
LR999944.1 4000001 6000000 883961
LR999944.1 6000001 8000000 944679
LR999944.1 8000001 10000000 960818
LR999944.1 10000001 12000000 686923
LR999944.1 12000001 12933853 492101
rm: cannot remove ‘*tmp’: No such file or directory
LR999945.1 1 2000000 1892174
LR999945.1 2000001 4000000 1447281
LR999945.1 4000001 6000000 1762181
LR999945.1 6000001 8000000 1284734
LR999945.1 8000001 10000000 1116899
LR999945.1 10000001 12000000 694035
LR999945.1 12000001 12861081 233538
rm: cannot remove ‘*tmp’: No such file or directory
LR999946.1 1 2000000 917025
LR999946.1 2000001 4000000 1071318
LR999946.1 4000001 6000000 1021386
LR999946.1 6000001 8000000 1401716
LR999946.1 8000001 10000000 824790
LR999946.1 10000001 12000000 1097641
LR999946.1 12000001 12594674 542761
rm: cannot remove ‘*tmp’: No such file or directory
LR999947.1 1 2000000 1249494
LR999947.1 2000001 4000000 1552226
LR999947.1 4000001 6000000 1107465
LR999947.1 6000001 8000000 843538
LR999947.1 8000001 10000000 1338670
LR999947.1 10000001 11704087 1404730
rm: cannot remove ‘*tmp’: No such file or directory
LR999948.1 1 2000000 571978
LR999948.1 2000001 4000000 1309348
LR999948.1 4000001 6000000 859879
LR999948.1 6000001 8000000 1040931
LR999948.1 8000001 10000000 968051
LR999948.1 10000001 11326783 800250
rm: cannot remove ‘*tmp’: No such file or directory
LR999949.1 1 2000000 1440358
LR999949.1 2000001 4000000 948242
LR999949.1 4000001 6000000 1253392
LR999949.1 6000001 8000000 1340119
LR999949.1 8000001 10000000 1589188
LR999949.1 10000001 11199261 1047026
rm: cannot remove ‘*tmp’: No such file or directory
LR999950.1 1 2000000 1485311
LR999950.1 2000001 4000000 754428
LR999950.1 4000001 6000000 461425
LR999950.1 6000001 8000000 723304
LR999950.1 8000001 9960137 1094857
rm: cannot remove ‘*tmp’: No such file or directory
LR999951.1 1 2000000 955895
LR999951.1 2000001 4000000 1122597
LR999951.1 4000001 6000000 619682
LR999951.1 6000001 8000000 1182959
LR999951.1 8000001 9839934 934472
rm: cannot remove ‘*tmp’: No such file or directory
LR999952.1 1 2000000 1666891
LR999952.1 2000001 4000000 1012383
LR999952.1 4000001 6000000 1690878
LR999952.1 6000001 8000000 1871905
LR999952.1 8000001 8262369 1344
rm: cannot remove ‘*tmp’: No such file or directory
LR999953.1 1 2000000 2067865
LR999953.1 2000001 4000000 986994
LR999953.1 4000001 6000000 1581977
LR999953.1 6000001 8000000 1710197
LR999953.1 8000001 8178468 28058
rm: cannot remove ‘*tmp’: No such file or directory
LR999954.1 1 2000000 1969685
LR999954.1 2000001 4000000 1998620
LR999954.1 4000001 6000000 943659
LR999954.1 6000001 7379297 1472368
rm: cannot remove ‘end_LR999937.1.tmp’: No such file or directory
rm: cannot remove ‘end_LR999938.1.tmp’: No such file or directory
rm: cannot remove ‘end_LR999939.1.tmp’: No such file or directory
rm: cannot remove ‘end_LR999940.1.tmp’: No such file or directory
rm: cannot remove ‘end_LR999941.1.tmp’: No such file or directory
rm: cannot remove ‘end_LR999942.1.tmp’: No such file or directory
rm: cannot remove ‘end_LR999943.1.tmp’: No such file or directory
rm: cannot remove ‘end_LR999944.1.tmp’: No such file or directory
rm: cannot remove ‘end_LR999945.1.tmp’: No such file or directory
rm: cannot remove ‘end_LR999946.1.tmp’: No such file or directory
rm: cannot remove ‘end_LR999947.1.tmp’: No such file or directory
rm: cannot remove ‘end_LR999948.1.tmp’: No such file or directory
rm: cannot remove ‘end_LR999949.1.tmp’: No such file or directory
rm: cannot remove ‘end_LR999950.1.tmp’: No such file or directory
rm: cannot remove ‘end_LR999951.1.tmp’: No such file or directory
rm: cannot remove ‘end_LR999952.1.tmp’: No such file or directory
rm: cannot remove ‘end_LR999953.1.tmp’: No such file or directory
rm: cannot remove ‘end_LR999954.1.tmp’: No such file or directory
LR999955.1 1 2000000 1998079
LR999955.1 2000001 4000000 1845857
LR999955.1 4000001 6000000 2056346
LR999955.1 6000001 6166334 
rm: cannot remove ‘begin_LR999924.1.tmp’: No such file or directory
rm: cannot remove ‘begin_LR999925.1.tmp’: No such file or directory
rm: cannot remove ‘begin_LR999926.1.tmp’: No such file or directory
rm: cannot remove ‘begin_LR999927.1.tmp’: No such file or directory
rm: cannot remove ‘begin_LR999928.1.tmp’: No such file or directory
rm: cannot remove ‘begin_LR999929.1.tmp’: No such file or directory
rm: cannot remove ‘begin_LR999930.1.tmp’: No such file or directory
rm: cannot remove ‘begin_LR999931.1.tmp’: No such file or directory
rm: cannot remove ‘begin_LR999932.1.tmp’: No such file or directory
rm: cannot remove ‘begin_LR999933.1.tmp’: No such file or directory
rm: cannot remove ‘begin_LR999934.1.tmp’: No such file or directory
rm: cannot remove ‘begin_LR999935.1.tmp’: No such file or directory
rm: cannot remove ‘begin_LR999936.1.tmp’: No such file or directory
rm: cannot remove ‘begin_LR999937.1.tmp’: No such file or directory
rm: cannot remove ‘begin_LR999938.1.tmp’: No such file or directory
rm: cannot remove ‘begin_LR999939.1.tmp’: No such file or directory
rm: cannot remove ‘begin_LR999940.1.tmp’: No such file or directory
rm: cannot remove ‘begin_LR999941.1.tmp’: No such file or directory
rm: cannot remove ‘begin_LR999942.1.tmp’: No such file or directory
rm: cannot remove ‘begin_LR999943.1.tmp’: No such file or directory
rm: cannot remove ‘begin_LR999944.1.tmp’: No such file or directory
rm: cannot remove ‘begin_LR999945.1.tmp’: No such file or directory
rm: cannot remove ‘begin_LR999946.1.tmp’: No such file or directory
rm: cannot remove ‘begin_LR999947.1.tmp’: No such file or directory
rm: cannot remove ‘begin_LR999948.1.tmp’: No such file or directory
rm: cannot remove ‘begin_LR999949.1.tmp’: No such file or directory
rm: cannot remove ‘begin_LR999950.1.tmp’: No such file or directory
rm: cannot remove ‘begin_LR999951.1.tmp’: No such file or directory
rm: cannot remove ‘begin_LR999952.1.tmp’: No such file or directory
rm: cannot remove ‘begin_LR999953.1.tmp’: No such file or directory
rm: cannot remove ‘begin_LR999954.1.tmp’: No such file or directory
rm: cannot remove ‘begin_LR999955.1.tmp’: No such file or directory
rm: cannot remove ‘end_LR999924.1.tmp’: No such file or directory
rm: cannot remove ‘end_LR999925.1.tmp’: No such file or directory
rm: cannot remove ‘end_LR999926.1.tmp’: No such file or directory
rm: cannot remove ‘end_LR999927.1.tmp’: No such file or directory
rm: cannot remove ‘end_LR999928.1.tmp’: No such file or directory
rm: cannot remove ‘end_LR999929.1.tmp’: No such file or directory
rm: cannot remove ‘end_LR999930.1.tmp’: No such file or directory
rm: cannot remove ‘end_LR999931.1.tmp’: No such file or directory
rm: cannot remove ‘end_LR999932.1.tmp’: No such file or directory
rm: cannot remove ‘end_LR999933.1.tmp’: No such file or directory
rm: cannot remove ‘end_LR999934.1.tmp’: No such file or directory
rm: cannot remove ‘end_LR999935.1.tmp’: No such file or directory
rm: cannot remove ‘end_LR999936.1.tmp’: No such file or directory
rm: cannot remove ‘end_LR999955.1.tmp’: No such file or directory
rm: cannot remove ‘windows_LR999924.1.tmp’: No such file or directory
rm: cannot remove ‘windows_LR999925.1.tmp’: No such file or directory
rm: cannot remove ‘windows_LR999926.1.tmp’: No such file or directory
rm: cannot remove ‘windows_LR999927.1.tmp’: No such file or directory
rm: cannot remove ‘windows_LR999928.1.tmp’: No such file or directory
rm: cannot remove ‘windows_LR999929.1.tmp’: No such file or directory
rm: cannot remove ‘windows_LR999930.1.tmp’: No such file or directory
rm: cannot remove ‘windows_LR999931.1.tmp’: No such file or directory
rm: cannot remove ‘windows_LR999932.1.tmp’: No such file or directory
rm: cannot remove ‘windows_LR999933.1.tmp’: No such file or directory
rm: cannot remove ‘windows_LR999934.1.tmp’: No such file or directory
rm: cannot remove ‘windows_LR999935.1.tmp’: No such file or directory
rm: cannot remove ‘windows_LR999936.1.tmp’: No such file or directory
rm: cannot remove ‘windows_LR999937.1.tmp’: No such file or directory
rm: cannot remove ‘windows_LR999938.1.tmp’: No such file or directory
rm: cannot remove ‘windows_LR999939.1.tmp’: No such file or directory
rm: cannot remove ‘windows_LR999940.1.tmp’: No such file or directory
rm: cannot remove ‘windows_LR999941.1.tmp’: No such file or directory
rm: cannot remove ‘windows_LR999942.1.tmp’: No such file or directory
rm: cannot remove ‘windows_LR999943.1.tmp’: No such file or directory
rm: cannot remove ‘windows_LR999944.1.tmp’: No such file or directory
rm: cannot remove ‘windows_LR999945.1.tmp’: No such file or directory
rm: cannot remove ‘windows_LR999946.1.tmp’: No such file or directory
rm: cannot remove ‘windows_LR999947.1.tmp’: No such file or directory
rm: cannot remove ‘windows_LR999948.1.tmp’: No such file or directory
rm: cannot remove ‘windows_LR999949.1.tmp’: No such file or directory
rm: cannot remove ‘windows_LR999950.1.tmp’: No such file or directory
rm: cannot remove ‘windows_LR999951.1.tmp’: No such file or directory
rm: cannot remove ‘windows_LR999952.1.tmp’: No such file or directory
rm: cannot remove ‘windows_LR999953.1.tmp’: No such file or directory
rm: cannot remove ‘windows_LR999954.1.tmp’: No such file or directory
rm: cannot remove ‘windows_LR999955.1.tmp’: No such file or directory
